-- MariaDB dump 10.19  Distrib 10.5.12-MariaDB, for Linux (x86_64)
--
-- Host: mysql.hostinger.ro    Database: u574849695_23
-- ------------------------------------------------------
-- Server version	10.5.12-MariaDB-cll-lve

/*!40101 SET @OLD_CHARACTER_SET_CLIENT=@@CHARACTER_SET_CLIENT */;
/*!40101 SET @OLD_CHARACTER_SET_RESULTS=@@CHARACTER_SET_RESULTS */;
/*!40101 SET @OLD_COLLATION_CONNECTION=@@COLLATION_CONNECTION */;
/*!40101 SET NAMES utf8mb4 */;
/*!40103 SET @OLD_TIME_ZONE=@@TIME_ZONE */;
/*!40103 SET TIME_ZONE='+00:00' */;
/*!40014 SET @OLD_UNIQUE_CHECKS=@@UNIQUE_CHECKS, UNIQUE_CHECKS=0 */;
/*!40014 SET @OLD_FOREIGN_KEY_CHECKS=@@FOREIGN_KEY_CHECKS, FOREIGN_KEY_CHECKS=0 */;
/*!40101 SET @OLD_SQL_MODE=@@SQL_MODE, SQL_MODE='NO_AUTO_VALUE_ON_ZERO' */;
/*!40111 SET @OLD_SQL_NOTES=@@SQL_NOTES, SQL_NOTES=0 */;

--
-- Table structure for table `communities`
--

DROP TABLE IF EXISTS `communities`;
/*!40101 SET @saved_cs_client     = @@character_set_client */;
/*!40101 SET character_set_client = utf8 */;
CREATE TABLE `communities` (
  `id` bigint(20) unsigned NOT NULL AUTO_INCREMENT,
  `name` varchar(150) COLLATE utf8mb4_unicode_ci DEFAULT NULL,
  `admin_user_id` bigint(20) unsigned DEFAULT NULL,
  PRIMARY KEY (`id`),
  KEY `communities_name_idx` (`name`),
  KEY `admin_user_id` (`admin_user_id`),
  CONSTRAINT `communities_ibfk_1` FOREIGN KEY (`admin_user_id`) REFERENCES `users` (`id`) ON DELETE SET NULL ON UPDATE CASCADE
) ENGINE=InnoDB AUTO_INCREMENT=101 DEFAULT CHARSET=utf8mb4 COLLATE=utf8mb4_unicode_ci;
/*!40101 SET character_set_client = @saved_cs_client */;

--
-- Dumping data for table `communities`
--

LOCK TABLES `communities` WRITE;
/*!40000 ALTER TABLE `communities` DISABLE KEYS */;
INSERT INTO `communities` VALUES (1,'sunt',73),(2,'earum',28),(3,'quis',62),(4,'commodi',69),(5,'temporibus',94),(6,'voluptatem',80),(7,'ab',85),(8,'optio',67),(9,'minus',93),(10,'sequi',17),(11,'impedit',51),(12,'in',63),(13,'natus',97),(14,'praesentium',54),(15,'quisquam',67),(16,'aliquid',61),(17,'accusantium',37),(18,'quam',61),(19,'vero',67),(20,'libero',96),(21,'ducimus',28),(22,'soluta',95),(23,'repellat',37),(24,'necessitatibus',53),(25,'beatae',99),(26,'ut',4),(27,'error',61),(28,'voluptatibus',50),(29,'cupiditate',80),(30,'asperiores',29),(31,'et',64),(32,'rem',53),(33,'eaque',56),(34,'eveniet',25),(35,'quaerat',22),(36,'id',50),(37,'quis',5),(38,'quisquam',6),(39,'voluptatum',16),(40,'ducimus',98),(41,'illo',22),(42,'nostrum',67),(43,'modi',60),(44,'repellendus',18),(45,'hic',20),(46,'necessitatibus',27),(47,'optio',79),(48,'consequatur',57),(49,'ea',87),(50,'deserunt',45),(51,'veritatis',53),(52,'non',15),(53,'magni',39),(54,'in',89),(55,'voluptatibus',68),(56,'ducimus',38),(57,'sed',93),(58,'cupiditate',28),(59,'et',87),(60,'vel',72),(61,'repellat',56),(62,'repellat',51),(63,'voluptatem',24),(64,'iste',12),(65,'voluptas',75),(66,'aperiam',46),(67,'rem',61),(68,'excepturi',80),(69,'repudiandae',51),(70,'unde',77),(71,'deleniti',77),(72,'qui',72),(73,'ipsum',44),(74,'iste',37),(75,'eius',90),(76,'at',63),(77,'quam',63),(78,'est',68),(79,'pariatur',20),(80,'provident',50),(81,'consequatur',12),(82,'officia',72),(83,'voluptatem',64),(84,'saepe',51),(85,'dignissimos',61),(86,'voluptas',32),(87,'sunt',88),(88,'eveniet',53),(89,'assumenda',59),(90,'omnis',75),(91,'doloremque',25),(92,'dolorem',15),(93,'corrupti',25),(94,'voluptatum',49),(95,'perspiciatis',27),(96,'quo',100),(97,'deleniti',94),(98,'aut',87),(99,'doloremque',80),(100,'dolore',44);
/*!40000 ALTER TABLE `communities` ENABLE KEYS */;
UNLOCK TABLES;

--
-- Table structure for table `friend_requests`
--

DROP TABLE IF EXISTS `friend_requests`;
/*!40101 SET @saved_cs_client     = @@character_set_client */;
/*!40101 SET character_set_client = utf8 */;
CREATE TABLE `friend_requests` (
  `initiator_user_id` bigint(20) unsigned NOT NULL,
  `target_user_id` bigint(20) unsigned NOT NULL,
  `status` enum('requested','approved','declined','unfriended') COLLATE utf8mb4_unicode_ci DEFAULT NULL,
  `requested_at` datetime DEFAULT current_timestamp(),
  `updated_at` datetime DEFAULT NULL ON UPDATE current_timestamp(),
  PRIMARY KEY (`initiator_user_id`,`target_user_id`),
  KEY `target_user_id` (`target_user_id`),
  CONSTRAINT `friend_requests_ibfk_1` FOREIGN KEY (`initiator_user_id`) REFERENCES `users` (`id`) ON DELETE CASCADE ON UPDATE CASCADE,
  CONSTRAINT `friend_requests_ibfk_2` FOREIGN KEY (`target_user_id`) REFERENCES `users` (`id`) ON DELETE CASCADE ON UPDATE CASCADE
) ENGINE=InnoDB DEFAULT CHARSET=utf8mb4 COLLATE=utf8mb4_unicode_ci;
/*!40101 SET character_set_client = @saved_cs_client */;

--
-- Dumping data for table `friend_requests`
--

LOCK TABLES `friend_requests` WRITE;
/*!40000 ALTER TABLE `friend_requests` DISABLE KEYS */;
INSERT INTO `friend_requests` VALUES (3,44,'requested','2011-02-15 17:07:38','1988-03-08 23:09:53'),(4,4,'requested','1978-05-19 22:49:52','2004-06-05 01:01:16'),(4,32,'approved','2006-01-07 21:01:05','1991-02-17 18:44:40'),(4,58,'unfriended','1984-02-08 13:30:35','1993-01-29 19:54:10'),(5,70,'requested','1971-10-09 02:16:34','1995-10-28 10:41:33'),(5,89,'approved','1990-11-04 05:11:12','1992-02-10 23:16:47'),(9,24,'requested','1998-07-30 07:53:51','1981-01-20 15:21:55'),(9,46,'approved','1994-02-06 21:06:13','1975-03-14 04:13:40'),(9,96,'declined','1984-09-23 20:56:08','2015-12-28 14:45:21'),(11,57,'approved','2000-06-02 16:37:21','2010-06-01 12:03:56'),(13,53,'unfriended','2020-04-26 06:35:11','2021-02-10 20:34:24'),(14,67,'approved','1985-12-08 00:16:46','1986-01-28 02:53:38'),(16,78,'requested','1976-12-31 00:00:44','2008-09-06 21:37:14'),(19,93,'requested','1992-12-20 06:54:37','2006-12-28 03:40:46'),(20,97,'unfriended','2009-09-03 05:33:31','2020-01-15 05:18:36'),(21,67,'unfriended','2019-11-03 18:46:40','1983-03-12 20:27:04'),(21,73,'declined','1972-11-03 06:33:49','2016-03-17 14:28:20'),(23,22,'requested','1984-06-17 04:49:14','2011-06-19 17:00:16'),(25,63,'declined','2009-11-26 18:04:36','1992-11-01 12:48:44'),(25,95,'unfriended','1997-10-31 22:43:02','1971-08-30 15:04:41'),(26,47,'requested','1999-01-19 13:06:06','1990-09-20 22:11:38'),(27,2,'declined','2006-02-15 05:04:09','1981-08-07 19:08:44'),(27,10,'declined','2012-03-16 21:15:24','2018-11-30 09:31:28'),(31,8,'approved','1991-11-15 13:42:45','2013-04-13 18:15:55'),(32,52,'approved','2004-01-29 16:16:08','2004-04-12 23:28:48'),(34,15,'unfriended','1971-01-23 22:04:56','1999-07-22 18:31:03'),(35,21,'approved','2010-08-02 07:19:38','1972-06-07 09:45:21'),(35,88,'approved','1991-03-25 14:31:40','1990-04-11 23:40:16'),(36,47,'unfriended','2008-04-11 03:34:03','2011-07-17 10:02:01'),(37,44,'requested','1978-10-16 20:06:56','1983-06-30 02:33:49'),(37,48,'unfriended','2007-07-03 08:44:59','1988-07-04 08:51:46'),(38,37,'unfriended','1984-05-15 03:24:16','2006-09-21 12:38:27'),(38,43,'approved','1985-11-06 15:45:09','1984-05-17 15:32:01'),(40,38,'declined','2009-04-10 07:49:53','1991-09-28 03:33:38'),(40,85,'declined','2011-03-14 15:34:40','1970-03-10 11:01:55'),(41,23,'unfriended','2011-03-09 15:33:31','1995-04-09 10:20:30'),(41,99,'unfriended','2000-11-21 01:15:30','1971-10-03 16:44:03'),(42,40,'approved','1970-04-12 08:11:46','2008-11-22 03:45:00'),(43,13,'approved','1985-09-08 05:36:30','1993-03-28 12:37:35'),(43,20,'approved','1995-06-26 12:50:22','1988-07-26 19:02:42'),(44,39,'declined','1985-11-17 09:10:45','2009-01-24 07:47:03'),(45,18,'approved','1983-04-02 07:49:05','2010-12-16 11:03:48'),(49,91,'declined','1996-05-29 12:00:38','2013-05-07 16:08:43'),(50,39,'unfriended','1978-05-10 07:35:10','1992-08-09 00:06:04'),(50,91,'declined','2016-05-21 01:42:04','2006-01-19 01:11:59'),(51,28,'requested','2011-04-28 04:52:55','1979-12-22 20:59:46'),(53,93,'requested','2012-03-25 10:14:01','1994-09-28 08:26:16'),(54,32,'declined','2019-07-27 05:53:02','2004-11-01 17:34:01'),(56,90,'declined','1983-10-31 09:12:49','1999-03-19 06:22:34'),(57,41,'approved','2001-04-02 14:23:06','2013-03-11 10:43:44'),(58,25,'requested','1995-01-30 00:31:52','1975-10-21 06:07:29'),(58,27,'unfriended','1996-03-01 03:03:49','2011-06-03 17:13:45'),(60,10,'declined','1997-01-18 16:30:33','2009-06-01 02:09:26'),(60,50,'declined','1972-02-08 08:23:29','1993-10-19 20:54:28'),(60,87,'declined','2005-01-08 13:48:26','2014-04-30 16:43:24'),(61,24,'requested','2020-12-06 19:37:47','2006-02-21 02:44:19'),(61,74,'unfriended','2004-08-08 17:29:20','1988-04-12 16:04:08'),(61,99,'approved','1989-07-29 04:08:13','1980-04-28 09:07:43'),(62,15,'unfriended','1989-05-01 06:56:34','2001-03-21 10:41:43'),(63,39,'unfriended','1972-06-28 04:58:05','2006-09-09 23:15:00'),(63,46,'approved','1974-07-16 21:47:15','2016-09-24 23:26:35'),(65,63,'requested','1994-02-27 10:05:33','1971-07-08 21:42:27'),(66,15,'unfriended','1979-01-06 21:53:56','2015-07-25 10:20:55'),(66,62,'declined','1979-08-14 01:37:04','2017-08-26 19:45:26'),(66,96,'approved','1996-09-11 21:16:20','1978-03-18 10:51:09'),(67,42,'declined','1988-05-16 12:55:24','1984-06-12 06:20:45'),(67,87,'requested','2012-06-28 20:32:26','2009-08-14 17:53:02'),(69,8,'unfriended','2001-02-27 22:10:09','2000-12-26 15:58:48'),(69,43,'approved','1996-10-15 15:09:15','2012-06-13 03:51:56'),(69,64,'unfriended','2012-06-11 08:11:31','2015-10-01 02:16:18'),(70,44,'declined','1983-01-26 06:26:45','2004-11-05 23:27:20'),(70,73,'declined','2008-02-24 08:51:41','1979-01-19 21:11:25'),(71,34,'approved','1990-09-01 01:23:35','2018-02-10 03:33:01'),(74,100,'approved','1980-08-05 21:16:51','2015-02-06 23:59:31'),(77,40,'unfriended','1987-08-04 07:35:24','2017-07-25 12:52:39'),(77,70,'unfriended','1984-02-06 14:23:14','1973-09-13 22:25:34'),(79,20,'unfriended','2020-10-19 22:05:13','1993-06-15 06:27:25'),(79,57,'unfriended','2003-12-04 19:12:37','2018-09-08 13:04:12'),(80,17,'declined','1981-04-23 13:58:01','1996-05-15 04:37:08'),(80,57,'approved','2015-07-23 15:40:06','1990-04-15 02:07:20'),(80,63,'declined','1987-08-27 08:46:29','1971-06-16 21:42:19'),(82,29,'requested','1984-06-28 13:24:21','2011-10-23 00:48:33'),(82,50,'declined','2008-09-04 23:09:24','1975-08-23 13:07:27'),(82,52,'declined','2015-06-19 00:10:46','1997-07-18 02:11:44'),(85,98,'unfriended','1987-06-02 19:34:08','1972-02-16 21:00:07'),(86,9,'declined','2009-05-31 00:06:58','2022-01-12 10:48:40'),(87,41,'approved','2005-08-15 19:41:12','1988-11-07 17:21:38'),(87,81,'declined','2016-03-05 12:55:00','1977-06-02 05:21:17'),(87,98,'declined','1995-12-03 13:29:20','1991-10-08 03:01:42'),(88,20,'requested','1992-04-25 20:16:14','1984-06-22 19:58:35'),(89,67,'unfriended','2004-09-30 15:34:41','1986-02-02 02:11:23'),(93,92,'declined','2010-10-10 07:28:56','2014-06-26 08:50:27'),(94,89,'unfriended','1989-07-29 18:17:51','1977-07-24 07:21:17'),(96,32,'requested','1972-08-05 08:20:39','1997-10-06 10:37:01'),(96,40,'declined','1983-03-29 14:07:12','1996-01-17 06:43:40'),(97,42,'approved','1980-01-23 19:54:16','2007-03-26 01:10:34'),(98,11,'requested','1988-11-20 15:23:27','1982-01-18 01:35:25'),(98,20,'requested','1990-01-06 08:39:40','2017-05-31 08:09:26'),(99,25,'requested','2019-02-11 05:10:40','2017-08-29 03:37:30'),(100,97,'unfriended','2018-01-06 16:19:47','2004-10-02 18:53:26');
/*!40000 ALTER TABLE `friend_requests` ENABLE KEYS */;
UNLOCK TABLES;

--
-- Table structure for table `likes`
--

DROP TABLE IF EXISTS `likes`;
/*!40101 SET @saved_cs_client     = @@character_set_client */;
/*!40101 SET character_set_client = utf8 */;
CREATE TABLE `likes` (
  `id` bigint(20) unsigned NOT NULL AUTO_INCREMENT,
  `user_id` bigint(20) unsigned NOT NULL,
  `media_id` bigint(20) unsigned NOT NULL,
  `created_at` datetime DEFAULT current_timestamp(),
  PRIMARY KEY (`id`),
  KEY `user_id` (`user_id`),
  KEY `media_id` (`media_id`),
  CONSTRAINT `likes_ibfk_1` FOREIGN KEY (`user_id`) REFERENCES `users` (`id`) ON DELETE CASCADE ON UPDATE CASCADE,
  CONSTRAINT `likes_ibfk_2` FOREIGN KEY (`media_id`) REFERENCES `media` (`id`) ON DELETE CASCADE ON UPDATE CASCADE
) ENGINE=InnoDB AUTO_INCREMENT=101 DEFAULT CHARSET=utf8mb4 COLLATE=utf8mb4_unicode_ci;
/*!40101 SET character_set_client = @saved_cs_client */;

--
-- Dumping data for table `likes`
--

LOCK TABLES `likes` WRITE;
/*!40000 ALTER TABLE `likes` DISABLE KEYS */;
INSERT INTO `likes` VALUES (1,77,2,'2001-03-05 15:31:49'),(2,70,44,'1973-06-24 11:36:30'),(3,43,67,'2008-12-24 00:09:49'),(4,77,12,'1972-09-18 12:35:22'),(5,64,89,'1998-01-24 23:42:00'),(6,3,66,'1979-09-07 15:54:47'),(7,80,85,'1973-01-23 17:40:19'),(8,29,62,'1985-04-30 20:38:23'),(9,83,68,'1996-09-29 07:57:23'),(10,3,95,'1984-04-03 13:46:59'),(11,70,72,'1973-09-07 08:34:54'),(12,37,21,'1982-08-23 20:01:40'),(13,27,26,'2016-03-22 22:01:09'),(14,81,30,'2022-03-31 17:44:20'),(15,56,8,'2003-11-14 01:10:37'),(16,53,32,'1980-02-29 08:33:28'),(17,10,22,'1988-01-15 14:27:50'),(18,75,52,'1998-01-01 10:47:14'),(19,88,52,'2003-06-05 21:48:03'),(20,64,52,'2013-07-09 06:28:41'),(21,41,66,'1990-03-09 13:32:44'),(22,18,20,'1980-06-25 19:43:32'),(23,51,46,'1975-04-11 23:29:55'),(24,82,34,'1995-02-02 00:08:56'),(25,13,84,'2006-01-13 02:09:10'),(26,28,83,'1997-09-12 02:46:46'),(27,56,64,'1988-07-31 13:04:12'),(28,3,82,'1970-06-20 06:53:57'),(29,89,83,'1970-03-28 04:23:49'),(30,12,45,'2006-09-02 11:30:19'),(31,91,64,'1991-04-17 05:08:05'),(32,76,1,'2020-07-25 09:56:00'),(33,85,51,'1990-09-10 00:16:25'),(34,53,73,'2001-03-31 10:22:44'),(35,3,16,'2008-11-13 07:17:02'),(36,25,44,'1996-01-15 10:33:05'),(37,82,42,'1974-10-21 03:12:08'),(38,63,32,'1999-12-02 01:05:14'),(39,87,44,'2000-06-01 09:19:22'),(40,65,100,'2022-02-25 02:19:10'),(41,28,92,'2008-09-05 16:47:18'),(42,82,83,'2015-10-23 10:04:23'),(43,56,85,'1995-10-22 11:29:37'),(44,65,45,'1989-03-28 23:33:47'),(45,68,76,'2022-06-30 13:03:22'),(46,89,59,'2000-11-15 11:37:45'),(47,40,65,'2006-03-19 15:27:03'),(48,59,25,'2003-04-25 17:50:15'),(49,15,11,'2012-06-15 20:51:35'),(50,98,18,'2018-10-23 04:47:27'),(51,26,22,'1980-11-13 07:06:58'),(52,61,8,'1974-05-12 16:20:45'),(53,64,24,'1997-05-19 23:10:50'),(54,39,51,'2021-09-18 19:23:28'),(55,68,4,'1998-07-03 14:18:54'),(56,50,95,'2021-06-03 12:02:32'),(57,96,32,'1998-06-26 04:53:04'),(58,78,51,'2005-09-19 15:32:02'),(59,17,42,'1995-11-11 09:26:40'),(60,95,84,'1973-11-04 19:17:20'),(61,18,83,'1970-03-16 03:59:25'),(62,43,57,'1989-08-28 14:26:17'),(63,47,1,'1988-10-07 12:39:09'),(64,82,62,'1973-12-12 15:00:49'),(65,12,79,'1996-12-17 15:19:29'),(66,80,38,'1974-08-07 10:35:25'),(67,1,40,'2001-05-24 20:13:36'),(68,45,64,'1981-05-23 00:37:12'),(69,64,84,'2003-11-10 09:08:12'),(70,14,31,'1991-05-30 02:35:17'),(71,87,64,'2001-11-12 03:53:25'),(72,25,82,'1990-04-05 23:48:34'),(73,96,3,'2004-10-18 12:42:09'),(74,32,12,'2007-11-11 11:45:07'),(75,44,26,'2007-02-08 12:25:17'),(76,96,61,'1985-02-10 21:16:28'),(77,9,38,'2013-06-16 17:18:13'),(78,18,56,'1987-11-21 10:03:13'),(79,39,100,'1975-05-24 01:27:46'),(80,17,50,'2012-07-27 13:22:51'),(81,78,96,'2015-08-04 06:02:11'),(82,88,78,'1999-04-29 11:20:37'),(83,36,32,'1987-04-12 06:55:08'),(84,42,99,'1987-07-10 03:16:49'),(85,15,55,'1982-08-25 12:50:54'),(86,29,2,'1979-01-22 14:49:39'),(87,18,54,'1996-11-30 12:15:52'),(88,83,14,'1972-05-24 23:14:05'),(89,56,14,'1978-04-06 14:01:03'),(90,25,100,'1998-11-13 21:24:26'),(91,40,21,'1991-03-03 12:06:08'),(92,61,49,'2007-03-25 12:00:34'),(93,58,79,'1996-08-27 01:58:13'),(94,4,97,'1974-02-16 18:29:40'),(95,78,20,'2001-09-04 21:06:27'),(96,47,55,'2019-08-08 00:30:41'),(97,16,34,'1982-06-14 19:31:54'),(98,33,52,'1996-02-11 20:32:56'),(99,66,74,'2022-05-11 21:21:04'),(100,51,81,'2009-06-20 15:42:40');
/*!40000 ALTER TABLE `likes` ENABLE KEYS */;
UNLOCK TABLES;

--
-- Table structure for table `media`
--

DROP TABLE IF EXISTS `media`;
/*!40101 SET @saved_cs_client     = @@character_set_client */;
/*!40101 SET character_set_client = utf8 */;
CREATE TABLE `media` (
  `id` bigint(20) unsigned NOT NULL AUTO_INCREMENT,
  `media_type_id` bigint(20) unsigned DEFAULT NULL,
  `user_id` bigint(20) unsigned NOT NULL,
  `body` text COLLATE utf8mb4_unicode_ci DEFAULT NULL,
  `filename` varchar(255) COLLATE utf8mb4_unicode_ci DEFAULT NULL,
  `size` int(11) DEFAULT NULL,
  `metadata` longtext CHARACTER SET utf8mb4 COLLATE utf8mb4_bin DEFAULT NULL CHECK (json_valid(`metadata`)),
  `created_at` datetime DEFAULT current_timestamp(),
  `updated_at` datetime DEFAULT current_timestamp() ON UPDATE current_timestamp(),
  PRIMARY KEY (`id`),
  KEY `user_id` (`user_id`),
  KEY `media_type_id` (`media_type_id`),
  CONSTRAINT `media_ibfk_1` FOREIGN KEY (`user_id`) REFERENCES `users` (`id`) ON DELETE CASCADE ON UPDATE CASCADE,
  CONSTRAINT `media_ibfk_2` FOREIGN KEY (`media_type_id`) REFERENCES `media_types` (`id`) ON DELETE SET NULL ON UPDATE CASCADE
) ENGINE=InnoDB AUTO_INCREMENT=101 DEFAULT CHARSET=utf8mb4 COLLATE=utf8mb4_unicode_ci;
/*!40101 SET character_set_client = @saved_cs_client */;

--
-- Dumping data for table `media`
--

LOCK TABLES `media` WRITE;
/*!40000 ALTER TABLE `media` DISABLE KEYS */;
INSERT INTO `media` VALUES (1,1,45,'Deserunt suscipit consequatur voluptatem natus aperiam et qui. Quaerat aut ipsum rem fugiat. Earum ipsam eum placeat perspiciatis velit. Ab iste quo necessitatibus voluptas laudantium omnis vitae aut.','repellendus',67820084,NULL,'2007-10-05 12:05:50','1995-06-01 14:44:17'),(2,2,59,'Qui et aliquid dolor labore est. Tempora praesentium dolorem molestiae temporibus. Voluptate eaque ratione quae totam nostrum voluptate iusto reprehenderit. Quia est iure molestiae saepe necessitatibus. Labore a alias nobis deleniti.','laborum',1,NULL,'1998-03-10 17:33:01','2016-03-22 23:18:25'),(3,3,40,'Cupiditate doloribus porro et et dignissimos excepturi cupiditate. Voluptas et qui reiciendis architecto veritatis amet vel. Quia ipsam ducimus error error praesentium voluptas omnis. Aperiam nulla illum repudiandae laboriosam sunt totam at.','et',38549264,NULL,'1985-01-15 18:28:33','2006-11-01 03:37:45'),(4,4,45,'Cupiditate quos officiis non molestias hic officia. Ea est consequatur corporis vel quod. Qui et dolore illum velit.','dolores',9333,NULL,'2020-01-27 12:05:32','1989-05-18 21:42:56'),(5,1,92,'Magnam enim dignissimos sint facilis labore aliquid. Non praesentium ab non rerum impedit et sunt. Voluptatem fugit nesciunt velit facilis voluptas aut. Quidem sint consequatur maxime quia eos vitae possimus.','doloremque',782,NULL,'2003-11-04 23:34:24','1996-01-31 19:07:19'),(6,2,11,'Molestiae aut qui rerum corporis. Enim non dolores in fuga cupiditate error. Libero quod consequatur qui reprehenderit mollitia modi ut.','temporibus',8963846,NULL,'1982-10-24 01:05:14','1976-11-10 01:40:57'),(7,3,65,'Repudiandae rerum ut ipsa nulla eius eum eum. Vel maxime officia aspernatur rerum sit dignissimos magnam. Doloribus voluptatem ut dolorum et quas.','inventore',0,NULL,'1988-10-01 23:15:30','2013-05-21 02:27:25'),(8,4,37,'Et esse necessitatibus facere quo architecto est quae. Quos eum voluptatibus et rerum porro mollitia. A aut omnis repellendus nisi aut esse. Aut at similique atque omnis.','rem',562,NULL,'2000-02-12 08:00:59','1997-07-23 08:52:02'),(9,1,9,'Doloribus velit voluptate quia recusandae. Harum maiores saepe non aut. Veniam iusto illum et aut in sequi perferendis. Aperiam et nihil totam placeat et.','doloribus',846296084,NULL,'2012-03-10 12:17:18','1972-05-31 12:14:00'),(10,2,85,'Illum eum ab sunt officiis est autem. Aut et at et earum. Consectetur quia alias dolor voluptate omnis dolores sequi.','non',2,NULL,'1988-03-21 19:12:51','2011-04-19 02:36:27'),(11,3,32,'Aut accusamus illum fugiat placeat aperiam. Quo exercitationem at distinctio impedit consequatur. Quas blanditiis ab voluptatem quod. Qui voluptas illum at blanditiis.','animi',96259,NULL,'2012-02-28 23:16:18','1976-02-15 08:14:53'),(12,4,15,'Ea accusamus vitae sunt ut ipsam vitae placeat. Sint iusto eos quibusdam exercitationem. Libero fugit velit aut nam commodi.','velit',859644,NULL,'1972-09-25 01:15:40','1981-10-13 03:58:43'),(13,1,42,'Non fugit dicta saepe aut repudiandae quaerat velit. Laborum illo hic nobis porro voluptatibus doloribus. Qui voluptas illum qui non rerum ab. Dolores alias quam quis veritatis aliquid molestiae facilis.','est',7984214,NULL,'1982-11-03 11:56:57','1980-01-29 21:24:10'),(14,2,66,'Doloribus perferendis ducimus facere sint et. Ut debitis tempora tenetur rerum distinctio aut.','tenetur',8957103,NULL,'2018-11-12 10:46:17','2013-10-03 10:12:07'),(15,3,62,'Impedit minus quia assumenda et molestias. Nulla assumenda omnis natus culpa et. Autem molestias et culpa est. Voluptatem sint aut quia suscipit sed.','quo',95054,NULL,'2018-02-08 04:26:07','2022-01-11 06:25:44'),(16,4,95,'Et itaque facilis ut voluptatem. Qui amet asperiores quis dolores dolorem.','et',36,NULL,'2016-02-05 11:20:50','1977-02-04 21:35:44'),(17,1,18,'Rerum earum consequuntur saepe. Incidunt mollitia facilis perspiciatis cum voluptatem. Quia inventore quis voluptas quam.','nostrum',208083848,NULL,'1974-12-09 15:09:30','2000-01-18 16:43:20'),(18,2,55,'Ipsam beatae doloremque et inventore quasi aut unde. Architecto atque ut officiis laudantium. Accusamus qui sed officia qui ad.','doloribus',873695,NULL,'1993-01-29 18:47:39','2018-06-07 03:49:39'),(19,3,34,'Et mollitia dolore facere cumque. Quaerat error vero commodi corporis voluptates magni.','aut',0,NULL,'1977-05-05 13:43:06','1997-05-22 22:37:27'),(20,4,2,'Reiciendis a consequatur magnam dolorem nostrum. Necessitatibus quia officiis at doloremque rerum qui. Expedita tenetur neque ut et ipsum est autem eaque. Laudantium eius voluptatum id cum qui ullam odio.','occaecati',98632,NULL,'1976-10-25 08:41:52','1990-10-26 11:53:08'),(21,1,71,'Voluptatum animi quis doloribus molestiae eligendi. Blanditiis rerum assumenda rerum eligendi enim. Maxime cupiditate in in nulla vel aut. Quia labore beatae cumque necessitatibus tempore.','eaque',705761637,NULL,'1978-05-08 18:21:45','1994-07-21 02:45:19'),(22,2,20,'Unde consequatur aperiam quia sequi. Vitae molestiae ea labore laudantium. Unde perspiciatis corrupti ad tempore sint rerum alias. Tenetur consequatur accusantium excepturi sint expedita magnam. Dolor quae est enim voluptas.','quis',99411,NULL,'1992-09-10 13:15:03','1999-05-09 08:33:50'),(23,3,73,'Qui optio est mollitia inventore. Reiciendis sint blanditiis fuga aut vero. Rerum doloribus similique maiores quisquam voluptatem sint.','aspernatur',7,NULL,'2009-02-04 10:35:49','2015-06-22 22:19:02'),(24,4,69,'Dolores fugit rerum ut vero minus explicabo eveniet. Molestiae perspiciatis reiciendis error quas itaque. Quasi molestiae veritatis tempore eos sunt dicta possimus. Deleniti iste sunt quidem maxime. Optio vitae voluptatibus laudantium voluptatem modi temporibus qui.','id',6577871,NULL,'2005-11-10 15:35:28','1985-04-24 11:51:34'),(25,1,85,'Aliquam sed natus consectetur mollitia tempora dignissimos fugit quam. Libero debitis nobis ipsum occaecati rerum rem. Minus suscipit dolores alias reiciendis consectetur sit ut.','itaque',0,NULL,'2015-04-18 22:40:28','2012-01-01 22:23:35'),(26,2,69,'Et et corporis ut ratione totam possimus. Qui tempora sunt nihil sint similique. Alias architecto consequatur nulla. Dolorem maxime veritatis aut officiis sed possimus. Laborum animi quam aut.','dolores',309,NULL,'2010-09-30 11:46:40','2016-04-24 05:32:21'),(27,3,14,'Doloribus sint tempora autem qui quod sit doloribus. Officia qui quisquam ut aspernatur laborum. Nulla illo qui itaque ullam. Voluptatem quod nam soluta aut qui.','eaque',1914825,NULL,'1991-04-28 13:40:38','2019-04-16 05:47:45'),(28,4,40,'Adipisci necessitatibus debitis explicabo eos sed. Rerum accusantium vero incidunt dolorum et.','et',892795591,NULL,'2003-10-04 20:45:05','1973-01-09 16:37:04'),(29,1,58,'Aspernatur veniam libero molestias consequatur. Commodi illum numquam illum eum placeat delectus cumque autem. Ut ex omnis autem et debitis.','id',57018193,NULL,'2015-02-26 09:25:49','1999-07-30 12:43:06'),(30,2,8,'A inventore sit quis dolore consequatur veniam deleniti. Iste autem sunt molestiae quidem sit. Voluptatem molestias omnis reiciendis voluptas dolor ipsam qui. Sed doloremque placeat sint et cumque accusantium dolor. Nisi et quidem sapiente mollitia numquam nulla id.','et',568619,NULL,'1984-09-01 13:35:42','2006-09-18 22:36:39'),(31,3,53,'Quo distinctio dolorem ipsum repellat. Odit illo deleniti quidem ex eos non ducimus. Ut enim sit cumque quo.','nisi',14749249,NULL,'2011-04-04 16:09:08','2014-11-05 15:46:23'),(32,4,3,'Et quia ut commodi ab inventore eligendi quasi qui. Sed quidem qui exercitationem nihil culpa voluptate dolorem. Molestiae nulla fugiat rerum aut.','rerum',9975979,NULL,'1973-07-24 12:08:28','2017-11-07 21:59:00'),(33,1,67,'Nesciunt aliquam iusto eveniet quasi consequatur sed. Quo occaecati iusto repudiandae modi aut dolorem.','fuga',39,NULL,'2011-05-12 10:58:18','2011-04-01 09:19:25'),(34,2,93,'Molestias eum recusandae odio a praesentium. Assumenda ut minima dignissimos qui sapiente dignissimos. Eligendi ut voluptates vitae nesciunt laudantium quae.','porro',373243,NULL,'1999-02-13 01:52:46','2007-04-25 10:47:23'),(35,3,47,'Possimus deleniti odit id dolor. Qui est eos adipisci autem repudiandae architecto harum. Tempora doloribus earum quos ut tempore. Temporibus eos veritatis fugiat aut.','tempora',23,NULL,'2017-07-15 00:49:40','1973-02-07 04:55:39'),(36,4,59,'Quo consectetur a suscipit provident maxime id. Non rem ducimus amet. Est enim voluptas dolores dolorem. Expedita qui enim voluptates enim ut rem.','nulla',4359491,NULL,'2003-10-24 19:33:21','1990-09-13 08:51:49'),(37,1,3,'Est cupiditate exercitationem molestias. Nihil voluptatibus aut ea voluptates molestiae voluptas tenetur. Nihil rerum itaque quia itaque suscipit voluptatibus nisi. Non error fugiat minima nesciunt voluptatum repellat libero.','velit',0,NULL,'1998-03-30 02:04:47','2014-01-13 23:15:35'),(38,2,12,'Atque provident corrupti minima. Laudantium odit quas debitis nihil ut. At eos velit qui iusto voluptatem dolor molestias.','saepe',933574566,NULL,'1999-03-20 19:09:25','2021-03-09 21:11:36'),(39,3,96,'Minima porro consequatur velit eum nisi blanditiis qui. Velit soluta nulla explicabo ratione quo. Iure voluptatem aspernatur saepe quaerat.','sunt',0,NULL,'2021-08-20 18:20:07','1977-02-15 04:16:25'),(40,4,12,'Eligendi consequatur ea sit ratione enim eum. Omnis nam voluptas laborum aut et qui. Unde aut maiores quaerat voluptates. Fuga nihil omnis beatae beatae occaecati doloribus qui.','consequuntur',162,NULL,'1979-01-15 20:40:43','1992-11-29 13:24:06'),(41,1,96,'Quibusdam facere corporis omnis numquam atque necessitatibus molestias tenetur. Illo quas aliquid maxime accusantium voluptas quia voluptatem dignissimos. Non porro et et quia harum doloremque voluptatem. Accusantium ea corporis vero voluptas fugiat impedit.','quam',0,NULL,'2006-11-28 02:08:48','1996-04-05 11:46:14'),(42,2,27,'Quis consequuntur et ducimus adipisci ut facere illo. Aut omnis ab eum provident tempore aliquam.','voluptate',0,NULL,'1985-01-03 06:14:26','1986-07-21 11:39:39'),(43,3,26,'Officiis ut blanditiis eos harum repudiandae dolores cumque. Qui excepturi est occaecati ea cum necessitatibus qui. Quia odit aut et dolorum quam omnis nulla adipisci. Quo voluptatum voluptatibus commodi laboriosam impedit voluptas in. Enim sapiente exercitationem ratione id quia ullam ut.','et',571682149,NULL,'2003-08-28 15:54:08','2016-11-19 03:24:44'),(44,4,38,'Sed sed id earum rerum distinctio soluta et. Voluptates quas perspiciatis odio voluptatem. Minus iure quae eius ipsam.','magnam',7723,NULL,'2021-10-30 12:57:39','1997-10-29 04:51:50'),(45,1,93,'Quia magnam ea labore sed nulla. Eius ut rem totam inventore adipisci vero et. Sint nulla sunt ut laudantium magnam. Sint veritatis quod repellat accusantium ratione nihil.','temporibus',59,NULL,'2020-05-01 08:54:51','2009-10-20 19:03:52'),(46,2,88,'Tempore enim a magni libero quam soluta voluptates. Commodi molestias nobis placeat neque saepe esse non.','et',6889619,NULL,'1984-06-19 00:55:12','2020-10-03 18:04:11'),(47,3,32,'Quia ipsum a nisi voluptas. Expedita amet voluptatem ut dolorem incidunt autem rerum aperiam. Quis et beatae aut dignissimos.','non',384096196,NULL,'2021-04-10 01:01:02','2006-07-23 21:59:29'),(48,4,11,'Perferendis necessitatibus vero maiores quas. Velit numquam labore laborum. Quo pariatur ut vel molestiae ut in. Facere error tempora possimus corporis quam fugiat corrupti.','consequatur',0,NULL,'1986-05-05 02:08:24','1988-06-25 02:04:09'),(49,1,42,'Nihil temporibus dolorem optio quia rerum sit enim nemo. Voluptatem accusamus dolor animi sit aut. Aperiam et quibusdam quaerat commodi. Asperiores qui est nobis commodi voluptate nostrum.','vero',15,NULL,'1988-04-08 22:12:33','2015-02-14 01:57:08'),(50,2,65,'Quasi corporis repellendus dignissimos voluptates tempora voluptate distinctio. Omnis sed iure quos iste. Architecto est adipisci sequi fugiat aut. Nam quas ut itaque commodi.','dicta',708552,NULL,'2011-08-19 17:55:06','2016-02-03 05:10:28'),(51,3,12,'Iste voluptatem qui est quibusdam nulla et eos. Id voluptas id quis in delectus voluptatem debitis. Ut ipsum tempora eligendi.','ut',43425,NULL,'2011-02-12 07:51:32','1976-07-07 18:04:02'),(52,4,13,'Rerum occaecati ipsum deserunt in aliquid optio eos. Temporibus esse est iusto aut reiciendis esse nesciunt.','quia',6334073,NULL,'2016-05-30 21:50:54','2016-06-21 06:23:36'),(53,1,85,'Voluptates inventore iusto voluptas. Sunt non reprehenderit voluptatem incidunt debitis. Totam laudantium dicta quas earum totam. Ut qui odit voluptatibus laborum voluptate optio.','aut',8985,NULL,'1983-02-07 08:20:06','2002-03-16 03:04:02'),(54,2,85,'Quisquam nihil doloribus aut est. Ex libero aut earum aut. Ducimus totam tenetur eos sequi in sunt et. Adipisci iste repellat numquam praesentium sunt est dignissimos nesciunt. Minima amet ut ullam illum.','laboriosam',20195,NULL,'1976-05-01 20:18:56','2004-06-28 00:42:20'),(55,3,81,'Est dolor qui quod et. Sed et qui hic et omnis. Facilis reiciendis debitis praesentium rerum quas ea. Aut sed aliquam quo vitae culpa cumque.','et',0,NULL,'2010-08-26 05:24:00','1984-09-09 18:06:03'),(56,4,70,'Animi et iste molestiae in ut in et. Voluptates occaecati dolorum alias animi. Quos amet eos dolores dolore est quae sequi et. Dolorum quae perspiciatis voluptatem possimus beatae tempora reiciendis.','perspiciatis',9,NULL,'2000-04-09 23:30:45','1970-11-22 10:29:03'),(57,1,53,'Est molestiae est deleniti porro. Ut explicabo autem voluptatem sequi mollitia ratione consequatur et. Ea sed esse voluptatem ut. Tenetur magni aliquam dolorem et est sunt pariatur facere. Ea libero aut qui assumenda quis mollitia.','deserunt',443261421,NULL,'2018-11-09 14:00:16','2001-03-05 09:30:20'),(58,2,95,'Culpa quo autem commodi quis nostrum. Nihil saepe voluptate et eaque. Placeat cupiditate laboriosam nesciunt consequuntur repellat iusto voluptatibus. Laborum repudiandae iure commodi unde esse est reiciendis.','a',769,NULL,'2017-05-06 02:21:03','2004-09-17 00:13:07'),(59,3,9,'Esse adipisci omnis libero vel. Molestiae earum ullam voluptas sed et. Rerum omnis quam unde cum sit sit excepturi. Exercitationem et id illum enim temporibus sed.','distinctio',77918,NULL,'1985-12-29 05:30:26','2016-06-17 20:03:58'),(60,4,11,'Sed nesciunt quod odio omnis. Et illo accusantium quis voluptate. Sed velit et ut delectus voluptatum. Ratione id soluta optio quos quam consequatur.','accusantium',180,NULL,'2014-02-03 09:50:44','1978-04-25 04:54:28'),(61,1,2,'Maiores voluptatum vitae veniam sit eos perspiciatis. Ea maxime consequatur repellendus molestiae sint. Vel sed illo et architecto incidunt.','rerum',138616,NULL,'1986-11-09 16:43:29','1994-01-29 21:55:30'),(62,2,62,'Sed ut accusantium ut nemo. Expedita sed ab quaerat at. Vitae laboriosam ut sit labore.','facilis',348,NULL,'2013-06-28 14:27:55','1970-03-03 16:40:50'),(63,3,14,'Veritatis autem dolore suscipit sit eos. Ipsam impedit non occaecati non molestiae ut. Quam provident sequi rerum labore.','sit',5092760,NULL,'2014-07-10 16:41:09','2002-01-09 04:17:48'),(64,4,69,'Perspiciatis et corporis deserunt amet ratione unde atque. Saepe perspiciatis eos iure quibusdam accusantium id. Voluptas nemo quas natus. Eum maiores quis maiores quisquam quo illo.','impedit',9,NULL,'1981-04-18 17:08:08','1977-08-13 17:40:24'),(65,1,54,'Ipsum est qui et. Sit cum fugiat rem aut deserunt dolores. Omnis illum quidem molestiae rerum et doloremque minus. Sed nam sint in ad consequatur aliquam vero.','excepturi',658092834,NULL,'2013-07-11 08:40:10','1995-10-17 06:07:20'),(66,2,60,'Eligendi omnis dignissimos et aut nam nisi. Commodi repellat omnis nihil possimus.','quas',958,NULL,'2000-06-23 13:03:33','2012-09-05 06:59:11'),(67,3,27,'Totam laboriosam eius et libero at vel eius ratione. Mollitia et quia officia molestiae. Eveniet impedit ut eum id minus. Ipsam praesentium dolor quaerat ex corrupti excepturi consequatur.','fugit',88,NULL,'2004-11-29 08:03:38','1983-06-16 21:39:02'),(68,4,57,'Qui earum et sunt cupiditate ullam qui. Quidem dolorem maxime mollitia nihil aut laboriosam. Et hic accusamus vel omnis ab earum nisi. Porro qui voluptatem accusamus.','illum',2594061,NULL,'2012-07-19 07:06:13','1970-10-20 11:15:02'),(69,1,72,'Enim possimus qui molestias explicabo eos dolorem. Aut voluptatum harum perspiciatis ea soluta. Dolores minus inventore doloremque esse iste dolorem cupiditate magni.','excepturi',967472772,NULL,'2013-09-24 13:09:22','1983-10-23 07:02:54'),(70,2,22,'Explicabo qui cum sed ea nisi similique cumque. Culpa rerum ad quos et. Qui veniam dolores suscipit nemo.','vitae',23990289,NULL,'1983-05-30 00:14:20','2006-12-27 16:01:35'),(71,3,68,'Quos numquam neque dolorem qui quia repellendus aperiam. Ducimus quo iusto aut at. Quia inventore autem impedit eveniet in animi explicabo.','iure',3206,NULL,'2011-03-16 11:16:15','1971-11-24 00:07:38'),(72,4,67,'Qui maiores debitis repellat et et nemo. Et quos quia accusamus nobis magnam totam. Voluptatem aliquid consectetur suscipit et ut consequatur. Sed illo consequatur qui sint omnis optio quia.','accusamus',527149,NULL,'1986-07-01 11:41:10','2010-01-07 16:22:05'),(73,1,49,'Molestias deserunt nihil illo animi. Magni soluta et optio corrupti officia. Facilis accusantium ad aut.','dolorem',5348128,NULL,'1977-10-01 03:29:22','1995-01-29 05:21:43'),(74,2,94,'Exercitationem qui quas facere debitis et. Alias beatae inventore quod eum cumque et perferendis. Totam laborum est et.','sint',716336676,NULL,'2008-08-07 17:26:05','1976-09-21 23:56:32'),(75,3,4,'At fuga non reiciendis qui dolorum voluptas. Repudiandae dolorum error possimus vel vel tempore. Optio saepe voluptas voluptatem harum deserunt officiis. Quo voluptatum dolorum sed aut quia velit aspernatur earum. Aut est aspernatur beatae.','et',24613058,NULL,'2018-07-19 06:20:45','1994-10-20 22:42:54'),(76,4,42,'Dicta rerum consequuntur error et. Et velit possimus aut. Omnis qui officiis sint tempore corrupti magnam facilis tempora.','repellendus',5761200,NULL,'1974-12-13 09:40:29','1990-06-28 16:07:18'),(77,1,81,'Quam soluta quam incidunt sint temporibus. A totam fugit odit mollitia est recusandae nulla. Nisi provident eum numquam sed vero maxime.','minus',5,NULL,'1979-10-11 20:41:55','2008-09-03 13:04:18'),(78,2,35,'Qui sit temporibus temporibus quo nobis optio impedit. Similique soluta praesentium et non placeat aut qui alias. Repudiandae maiores et voluptatem neque soluta cumque necessitatibus. Officiis ipsam ut dignissimos ex.','omnis',288107796,NULL,'2011-11-22 06:49:13','2006-02-13 21:02:03'),(79,3,52,'At laborum dolorum enim autem facere. Cupiditate magnam perspiciatis rerum nam quasi saepe. Incidunt soluta saepe ratione. Occaecati dolores ipsum harum id. Sunt dolorem aliquid repellat omnis perspiciatis.','sunt',8162672,NULL,'2011-12-05 15:53:49','2009-10-27 15:58:19'),(80,4,23,'Ipsum vel molestiae iure iure accusamus sequi. Sunt quia repellat sit expedita temporibus est doloremque et. Qui officiis saepe consequuntur repellat voluptatibus amet. Est quaerat ut et odio consectetur.','pariatur',7343626,NULL,'2007-09-01 17:09:34','1982-02-03 22:22:09'),(81,1,100,'Quo eaque culpa saepe soluta consequatur. Expedita itaque ducimus ea quis voluptas reprehenderit quaerat. Placeat quia cum voluptas quos ducimus.','quo',647339125,NULL,'2017-11-05 19:34:37','2004-06-22 13:30:19'),(82,2,64,'Molestiae est aut vitae labore. Necessitatibus illo doloremque beatae facilis. Velit est odit quia quis ea omnis.','dolor',33,NULL,'1973-07-04 16:25:44','1993-05-23 15:53:48'),(83,3,35,'Saepe voluptas tempora quis ipsum accusamus molestias quibusdam. Porro non nam atque eum iusto harum. Libero maiores qui asperiores. Et quod aliquam possimus soluta harum.','ut',37792,NULL,'2010-10-21 14:03:42','1974-12-04 18:47:12'),(84,4,84,'Est qui velit repellendus quam expedita eveniet perspiciatis nihil. Quia facere ut quos et quia aut sed. Similique atque earum perspiciatis voluptate harum sed qui.','qui',0,NULL,'1981-09-09 12:33:47','2021-12-11 12:56:00'),(85,1,48,'Consectetur ut quam et odit. Voluptas consectetur iusto magnam dolorum. Alias sunt et dolor est et debitis quo.','ducimus',21226,NULL,'2018-07-12 17:20:01','1985-12-11 07:23:05'),(86,2,16,'Atque quia officia aliquam architecto illum. Quis illo officia aliquam fuga. Non tempore ducimus quia beatae minima rerum.','facere',34695317,NULL,'2018-11-02 13:41:11','2001-10-05 17:13:43'),(87,3,54,'Id ut non autem architecto quod velit consequatur. Illo dignissimos non placeat. Ex debitis id voluptas corrupti nihil numquam.','fugit',714886901,NULL,'2005-04-22 20:18:29','1993-03-12 22:40:41'),(88,4,1,'Eligendi eius sit similique a quidem. Adipisci enim ipsa praesentium ut aliquid. Assumenda non sint cumque et eos officia a.','doloremque',3403,NULL,'1997-04-19 19:58:09','1996-01-17 22:18:42'),(89,1,11,'Ea deleniti asperiores dolorum dolor ad deserunt mollitia. Et sequi vel mollitia rerum soluta. Veritatis facere accusantium repellendus ut voluptas dolore tempora nihil. Omnis et sequi maxime aut et.','aliquid',97728435,NULL,'1980-01-23 16:43:39','1996-01-15 09:03:50'),(90,2,62,'Culpa enim voluptates modi unde quaerat. Non iusto eos assumenda consequatur. Qui eum accusantium dolorem quas. Deserunt dolorem molestiae temporibus quasi perspiciatis.','corrupti',38,NULL,'1975-08-02 01:02:52','2001-03-02 15:51:54'),(91,3,11,'Sint qui repellendus voluptatum aut eaque. Blanditiis ea vel corrupti hic veniam earum. Fugiat aut molestias et cumque perspiciatis et. Repudiandae voluptatem ducimus voluptatem culpa maxime sed.','exercitationem',333,NULL,'2013-07-23 10:23:30','2007-12-13 17:07:50'),(92,4,12,'Et illum maiores excepturi maiores. Ut est iure eius vero. Sunt illum nisi consequatur cumque. Voluptatibus magni dicta adipisci pariatur enim veniam.','repellendus',74280,NULL,'1981-08-04 11:39:13','2022-06-27 20:40:37'),(93,1,23,'Magni modi similique quod at qui minus qui. Iste veniam architecto est alias aut asperiores iusto iure. Officia voluptas qui voluptatibus laudantium beatae deserunt et laborum.','eius',808,NULL,'2002-07-26 14:50:19','2006-12-16 09:38:21'),(94,2,24,'Id at dolores ducimus inventore ratione aut occaecati. Voluptate eaque dolore est corporis. Et aliquid rerum velit itaque eveniet. Et labore impedit repellat fuga iure. Aliquam cupiditate debitis rerum blanditiis voluptatem id totam.','quaerat',5864,NULL,'1983-12-20 16:40:29','1970-06-15 06:24:40'),(95,3,81,'Voluptates ipsam occaecati eaque voluptate. Voluptas consequatur autem ullam enim tenetur. Voluptatem quia ut blanditiis. Accusantium enim dolore ullam voluptates rerum in aperiam.','natus',0,NULL,'1984-11-30 06:19:14','2009-02-23 21:57:16'),(96,4,76,'Officiis expedita voluptatibus excepturi beatae molestiae dolores. Inventore quia commodi qui.','doloribus',9,NULL,'2008-03-16 04:51:20','1986-07-18 00:12:04'),(97,1,84,'Rem voluptates atque in perferendis voluptas voluptatem ut. Quia id debitis et vitae. Et qui eaque expedita. Consequatur et sed dolorum voluptatem.','qui',9858,NULL,'1992-11-23 11:25:44','1976-03-26 12:43:51'),(98,2,7,'Dignissimos corrupti doloremque vel rerum. Quae neque quia neque ab doloribus beatae sint esse. Reprehenderit et et rerum exercitationem enim.','ipsum',35528485,NULL,'2004-07-21 00:00:02','2018-02-18 02:08:37'),(99,3,33,'Cumque neque ipsum dignissimos ipsum harum. Qui inventore et consectetur assumenda neque. Id nesciunt atque officia impedit. Voluptatem et ut sed dolores illo.','dolore',58231499,NULL,'2017-10-02 02:49:47','2017-02-16 19:14:10'),(100,4,55,'Voluptatem et deleniti doloribus odio sunt eum. Animi at ut omnis velit itaque quidem. Id error dignissimos omnis est amet iste veniam illum. Nulla explicabo dolores provident. Possimus consectetur aliquid nesciunt itaque.','est',756,NULL,'1970-12-22 18:29:59','1998-11-20 02:44:13');
/*!40000 ALTER TABLE `media` ENABLE KEYS */;
UNLOCK TABLES;

--
-- Table structure for table `media_types`
--

DROP TABLE IF EXISTS `media_types`;
/*!40101 SET @saved_cs_client     = @@character_set_client */;
/*!40101 SET character_set_client = utf8 */;
CREATE TABLE `media_types` (
  `id` bigint(20) unsigned NOT NULL AUTO_INCREMENT,
  `name` varchar(255) COLLATE utf8mb4_unicode_ci DEFAULT NULL,
  `created_at` datetime DEFAULT current_timestamp(),
  `updated_at` datetime DEFAULT current_timestamp() ON UPDATE current_timestamp(),
  PRIMARY KEY (`id`)
) ENGINE=InnoDB AUTO_INCREMENT=5 DEFAULT CHARSET=utf8mb4 COLLATE=utf8mb4_unicode_ci;
/*!40101 SET character_set_client = @saved_cs_client */;

--
-- Dumping data for table `media_types`
--

LOCK TABLES `media_types` WRITE;
/*!40000 ALTER TABLE `media_types` DISABLE KEYS */;
INSERT INTO `media_types` VALUES (1,'suscipit','2004-12-21 23:48:48','2004-02-15 02:24:01'),(2,'earum','1976-05-19 07:48:23','1981-03-18 18:59:06'),(3,'explicabo','1971-08-08 23:39:18','2001-06-30 00:40:59'),(4,'nihil','1978-08-31 06:18:47','1981-11-30 12:51:45');
/*!40000 ALTER TABLE `media_types` ENABLE KEYS */;
UNLOCK TABLES;

--
-- Table structure for table `messages`
--

DROP TABLE IF EXISTS `messages`;
/*!40101 SET @saved_cs_client     = @@character_set_client */;
/*!40101 SET character_set_client = utf8 */;
CREATE TABLE `messages` (
  `id` bigint(20) unsigned NOT NULL AUTO_INCREMENT,
  `from_user_id` bigint(20) unsigned NOT NULL,
  `to_user_id` bigint(20) unsigned NOT NULL,
  `body` text COLLATE utf8mb4_unicode_ci DEFAULT NULL,
  `created_at` datetime DEFAULT current_timestamp(),
  PRIMARY KEY (`id`),
  KEY `from_user_id` (`from_user_id`),
  KEY `to_user_id` (`to_user_id`),
  CONSTRAINT `messages_ibfk_1` FOREIGN KEY (`from_user_id`) REFERENCES `users` (`id`) ON DELETE CASCADE ON UPDATE CASCADE,
  CONSTRAINT `messages_ibfk_2` FOREIGN KEY (`to_user_id`) REFERENCES `users` (`id`) ON DELETE CASCADE ON UPDATE CASCADE
) ENGINE=InnoDB AUTO_INCREMENT=101 DEFAULT CHARSET=utf8mb4 COLLATE=utf8mb4_unicode_ci;
/*!40101 SET character_set_client = @saved_cs_client */;

--
-- Dumping data for table `messages`
--

LOCK TABLES `messages` WRITE;
/*!40000 ALTER TABLE `messages` DISABLE KEYS */;
INSERT INTO `messages` VALUES (1,20,74,'Rem soluta illo itaque rerum. Quia quos consequatur dolorem consectetur consequatur rerum atque qui. Quia iste delectus quos est cum inventore. Sed et sit est perferendis non aut.','2017-08-03 15:43:45'),(2,16,75,'Maxime ex fugiat qui omnis asperiores. Non doloremque animi sed itaque modi rerum. Quae doloribus perspiciatis repellat delectus.','1985-03-12 21:21:55'),(3,36,70,'Similique ad corporis omnis aliquam quisquam illum. Necessitatibus fuga facilis velit tempore doloribus aut. Ducimus eum vero pariatur nemo. Libero velit voluptatum aut ea ipsum.','2009-06-08 18:52:48'),(4,4,89,'Expedita et exercitationem dicta et aliquam et omnis corporis. Tenetur consequatur ut non ut. Cum atque laboriosam odio tenetur fugiat laudantium.','1977-04-01 11:47:57'),(5,70,40,'Veritatis omnis reiciendis illo qui dolor dolores ut. Ut vero hic et repudiandae unde. Eaque nostrum asperiores debitis voluptate. Error sit ipsam reprehenderit molestiae nulla.','1988-10-01 11:32:45'),(6,41,7,'Minus cumque dolor fugiat quis ea et at. Dicta consequatur facilis consectetur autem. Eveniet sapiente enim exercitationem facilis.','1980-10-11 20:26:21'),(7,84,52,'Itaque ab ad quo. Nihil corporis dicta neque dolorem.','1978-01-15 05:23:58'),(8,80,24,'Voluptas quaerat consequatur nihil. Numquam quo eaque aliquid quos numquam ut. A sit quidem et magnam officia impedit ea.','2001-04-04 10:51:19'),(9,66,21,'Ratione molestiae animi veritatis. Corrupti molestias occaecati numquam et. In quo velit deleniti odio voluptas. Asperiores veniam quasi et enim sint.','1990-03-07 10:18:18'),(10,73,49,'Ab perspiciatis est laborum culpa voluptas voluptatem. Neque sit qui magnam quisquam reprehenderit.','2002-05-13 05:44:05'),(11,58,89,'Unde quos repellendus voluptatem aspernatur doloribus id similique. Dolor accusantium qui commodi dolorum voluptate. A vel deserunt est dignissimos. Consequatur et accusamus pariatur sit est non qui. Nostrum exercitationem qui ut facere dolorem eos illo.','2010-08-01 00:28:45'),(12,92,10,'Laborum deserunt qui omnis ut. Temporibus similique nihil distinctio veniam corporis iste. Qui magni sint rem at nemo asperiores et dolore.','1995-06-11 10:02:35'),(13,40,87,'Ut et minima qui. Modi eos sint explicabo illum dolor molestias fugiat. Possimus rem qui ut culpa.','1981-06-13 18:01:20'),(14,23,10,'Enim in asperiores ut velit. Omnis et qui excepturi optio. Nesciunt pariatur corrupti laudantium.','1982-08-30 16:29:06'),(15,95,49,'Et possimus rerum explicabo animi doloremque fugit. Eius est dolorem qui nihil at officiis. Perspiciatis aperiam nostrum voluptatem iusto facere numquam a. Quidem maiores odio non consequatur nulla.','1987-02-20 21:46:54'),(16,47,14,'Quidem eveniet eos quia mollitia dolorem illo. Aspernatur expedita est vitae cumque. Porro dolorem eos odio perferendis.','1984-07-02 22:28:25'),(17,22,62,'Neque sequi rerum corrupti. Perspiciatis delectus aliquam occaecati aut. Harum corrupti maxime ut cumque. Et nihil sunt ut quos et aut quidem.','2000-01-21 23:00:36'),(18,89,58,'Incidunt sit eaque doloremque quis sequi aliquam est quia. Sit eligendi aut et aut occaecati aut voluptas asperiores. Ad a voluptate dignissimos illo. In doloremque non consectetur. In voluptas et rerum qui ipsum occaecati facilis.','1984-09-04 23:44:01'),(19,31,92,'Tenetur aut excepturi maiores. In et at quod vel voluptatem earum animi. Corrupti enim sequi sequi et provident facilis. Esse illo aut non non in nemo.','1982-02-28 10:36:23'),(20,46,100,'Culpa rerum exercitationem voluptatibus veritatis dolores. Voluptatibus ut unde quasi voluptatum reprehenderit. Harum porro repellendus minus nisi ut id consequatur. Molestiae repellat itaque velit consequatur. Earum voluptatem velit in autem et enim velit.','1984-08-15 13:43:17'),(21,32,87,'Inventore accusamus unde quo molestias. Et provident iusto voluptatum soluta occaecati similique. Earum voluptatum porro provident voluptate rerum non voluptas. Qui cupiditate soluta et soluta quibusdam.','1995-01-10 02:02:48'),(22,7,16,'Et mollitia perferendis et expedita modi. Amet voluptas voluptas minus. Optio rerum ratione atque molestiae eius. Provident quia alias voluptas ut doloribus incidunt molestiae.','1971-08-26 03:45:06'),(23,38,86,'Aspernatur neque pariatur magni quia et exercitationem quia. Dolores voluptatem iste ea ea consectetur in. Explicabo enim praesentium accusantium consequatur deserunt.','1981-04-28 07:34:44'),(24,39,4,'Recusandae porro nobis dignissimos non eligendi voluptatem dolorem. Illo consequuntur adipisci labore qui velit et consequatur ut. Exercitationem et ab eaque mollitia possimus.','1996-04-16 08:29:07'),(25,7,11,'Exercitationem odit provident dolor nostrum corrupti suscipit nihil alias. Blanditiis voluptatem suscipit ratione ut sunt.','2011-04-20 06:05:43'),(26,52,64,'Culpa nam iure omnis est dolorum. Dolor deserunt exercitationem deserunt enim ut ut. Culpa laborum fugiat animi qui deserunt.','1993-09-07 10:18:10'),(27,100,44,'Quos non est ex dolores. Delectus ut modi quis natus reiciendis ab similique atque. Consequatur nostrum odio itaque aut et tenetur qui.','1981-06-22 04:41:11'),(28,73,40,'Qui qui explicabo cumque blanditiis. Eos voluptatem non autem consequatur occaecati dicta a. Eum commodi sequi ex sunt at facere. Aspernatur quidem dolor vel et maxime qui.','1976-11-29 18:20:58'),(29,31,96,'Rerum placeat facere debitis minus voluptatem voluptas. Doloribus et et saepe laborum. Iusto eos voluptas possimus ea. Beatae nemo et eaque rerum.','1993-04-14 13:25:39'),(30,50,25,'Ut voluptatem beatae illum aliquam quia aut est. Aut nam vel est temporibus quod hic. Possimus iusto et similique.','1972-07-26 14:55:28'),(31,44,96,'Omnis quos possimus sint natus debitis. Aspernatur sint et odit laborum. Est adipisci quia est itaque minus quis. Nulla laboriosam qui sed eaque qui enim. Minima neque quae rem a exercitationem ex.','2008-09-09 13:17:22'),(32,39,66,'Voluptatem non corporis eos quasi iste. Et placeat ipsam expedita et. Enim est nobis possimus.','1981-11-11 02:45:32'),(33,57,27,'Deserunt ipsam eius eos. Aperiam inventore repudiandae iusto. Et velit enim in sint ut.','1989-02-05 01:35:19'),(34,23,88,'Dolorum quaerat nobis similique commodi commodi repudiandae asperiores. Aut omnis voluptatem veritatis assumenda omnis. Aliquid odio quis aperiam quod qui. Minus quae odit inventore rerum reiciendis inventore deleniti minima.','2021-06-03 02:17:18'),(35,19,69,'Deserunt autem quam in eum et dolor. Sequi praesentium in amet eos aliquam alias est. Consequatur id amet qui enim. Ducimus consequatur commodi quod occaecati quis.','2005-12-31 13:17:48'),(36,88,51,'Eius non in eum debitis laudantium. Ratione et impedit nihil voluptates suscipit.','1983-04-08 02:23:46'),(37,56,95,'Sunt error qui magni alias error. Animi voluptatum aliquid dolorem quo sapiente. Id adipisci omnis sunt architecto.','1981-07-13 10:40:25'),(38,66,93,'Quod fugit sit ab consequuntur dolorum aliquam necessitatibus. Quia distinctio blanditiis vero maxime. Et non eos soluta pariatur.','1979-01-28 18:52:05'),(39,80,5,'Asperiores deleniti non voluptatem ex quia. Hic similique labore quisquam ex enim numquam consequuntur. Distinctio natus enim ut quia et sit unde debitis.','2020-04-21 00:38:39'),(40,96,87,'Eveniet sint blanditiis dignissimos. Dolorem enim quo minima.','1975-01-24 08:26:30'),(41,16,48,'Aut at cupiditate quam possimus tempore. Exercitationem sint in esse dolore quia minus. Odit cupiditate modi impedit est repellat eveniet. Delectus quidem et sed et reprehenderit.','2016-11-19 06:53:17'),(42,50,16,'Facere a eaque aspernatur enim recusandae repellat eum. Iure sit aliquid voluptatibus architecto in est provident error.','2019-03-13 00:57:31'),(43,92,23,'Unde nesciunt qui sit eius voluptatem aliquid. Rerum dolores ratione reprehenderit corporis laboriosam. Ea et ratione aut ex voluptates quo eum.','1999-08-26 22:55:43'),(44,55,22,'Ducimus fugiat cupiditate ullam. Corporis ab nemo neque est iusto dicta quasi. Accusantium sapiente nihil quaerat sit. Culpa aut animi suscipit nisi cum animi rerum. In enim voluptatibus similique nihil harum.','2009-06-04 05:21:42'),(45,19,5,'Libero porro ipsam beatae. Accusamus quis at aut ut quas quisquam. Quam quis est soluta provident. Quia perferendis in libero sit qui.','1980-10-12 02:03:12'),(46,46,62,'Ut veniam blanditiis recusandae sit sequi. Aut quia voluptatem id consectetur. Veritatis sed debitis minus accusamus magnam ipsum qui.','1973-10-17 11:49:01'),(47,100,85,'Ut esse est eligendi laudantium rerum nihil quidem est. Distinctio qui quae cum veniam fugit. Officiis consequatur doloremque aliquam in vero est.','2003-01-02 14:20:29'),(48,28,57,'Velit voluptatem odio dolor ut et consequatur. Soluta illo autem suscipit dolores. Nulla quia iusto fuga sit voluptatum qui. Quia minima hic distinctio commodi ut quod ut nihil.','1992-07-21 12:56:36'),(49,12,51,'Illo numquam non quia quidem consectetur ipsam voluptas. Sed quisquam est laudantium quae in sequi voluptatem. Facilis eum voluptatem hic doloremque aut sint.','1978-01-24 23:57:25'),(50,44,30,'Incidunt atque rerum consequatur sequi et error quia vitae. Id accusamus officiis provident veritatis. Et aut ut dolorem nam aut vitae. Quisquam fugit neque sit sed explicabo ipsum.','2019-06-09 19:53:03'),(51,19,32,'Nesciunt esse non sed quia distinctio facere. Eius in dignissimos quisquam dolorem.','1983-12-11 00:07:14'),(52,81,74,'Et alias optio reiciendis quis corporis. Error non magnam qui harum officia quod velit. Quos inventore in ut ipsa in natus tenetur.','1973-01-07 00:54:36'),(53,26,46,'Non voluptates aperiam provident omnis cum. Voluptatibus sit nihil nobis possimus quia necessitatibus ad. Tenetur error ullam omnis voluptas. Culpa architecto ut et.','1984-04-02 04:07:39'),(54,67,6,'Ea ullam est sit. Nesciunt et odit corrupti perferendis corporis. Ut non aperiam beatae temporibus iste. Et vero saepe suscipit sed praesentium.','1976-09-19 09:37:59'),(55,51,63,'Ipsa est quis modi sunt fugiat sunt. Est eaque eum dolorum deleniti. Ut dolores quibusdam et animi eveniet quibusdam ab.','1980-01-06 15:25:51'),(56,92,66,'Amet animi dignissimos expedita molestiae mollitia expedita. Et error laudantium eos numquam voluptas et.','2015-03-09 17:28:26'),(57,11,41,'Iure ipsam aut consequatur quam totam. Ut quo et at inventore qui.','1986-02-20 02:17:59'),(58,81,2,'Voluptas culpa cum sequi totam autem repellat. Iusto eos quia rerum. Quos doloremque ut neque necessitatibus expedita corrupti id. Qui error ullam facere vel veniam voluptatibus. Saepe error nemo voluptates eum et cupiditate.','2003-10-13 09:27:52'),(59,64,36,'Voluptas eveniet accusamus debitis ad perferendis et ipsa. Accusamus rerum qui ut. Dolor explicabo officia eius quisquam aut.','2009-11-25 03:58:40'),(60,23,82,'Est pariatur deserunt quaerat sequi. Iste id exercitationem officia vero adipisci explicabo. Dolorum quia facere molestiae consequuntur.','1975-03-12 17:00:26'),(61,40,69,'Quaerat dicta molestiae excepturi. Autem magni libero voluptatibus ea qui sint. Distinctio accusamus quasi quo vel sed et.','2020-06-11 15:19:19'),(62,44,40,'Nesciunt a nihil cumque deserunt iste sed. Nostrum ut ea dolores ut explicabo pariatur occaecati. Cum suscipit eum cumque ex aliquam adipisci.','1986-01-28 15:31:16'),(63,54,71,'Cumque ut voluptates aut perspiciatis. Ut quod quae facilis odit enim cupiditate optio. Ipsa sit corrupti et est quis. Harum alias enim corrupti earum omnis voluptatem non. Optio deserunt illum sint mollitia deleniti autem iusto.','1999-07-22 05:22:15'),(64,96,65,'Eaque aperiam veritatis dolorem sunt nulla qui. Sed illum officia aut.','1997-07-03 23:17:59'),(65,22,40,'Sint quisquam repellendus et consequatur. Repudiandae provident nobis aut assumenda. Et explicabo quis perferendis.','2020-12-13 21:38:52'),(66,95,40,'Aut ut quibusdam est quis. Iste consequuntur illum alias corrupti. Et qui iusto numquam necessitatibus nobis voluptatem. Tempora labore pariatur non asperiores dolorum.','2004-01-09 20:28:48'),(67,72,75,'Animi quam alias sit aperiam pariatur. Ipsam rerum alias nihil culpa alias natus dicta. Praesentium repellendus ab aut expedita incidunt. Minima iusto aperiam placeat ad ipsum consequuntur ut eos.','1991-06-27 06:32:46'),(68,14,97,'In et repellendus officia autem. Illum itaque autem qui consequuntur molestiae. Magni enim architecto eos modi quis et neque.','1986-06-18 18:05:37'),(69,21,81,'Ut quisquam voluptas alias veniam. Minus recusandae porro sint quo ut. Amet quia fugit dignissimos repellendus. Ipsum provident non animi consequuntur.','1976-11-22 23:43:23'),(70,2,71,'Quos est fuga reiciendis quis ratione dolor labore. Similique quisquam soluta pariatur dignissimos dolorem. At qui voluptatibus excepturi voluptatum quis voluptate velit. Ad nihil cum est numquam.','1996-09-30 04:40:01'),(71,43,93,'Ea quo qui impedit amet non aut ipsam. Consequatur aut explicabo dicta voluptatem eaque culpa aliquid. Quam quia sint quia ut. Fugiat aut possimus molestiae. Nemo voluptatem cumque quia earum minus dolorum quod culpa.','2019-07-10 20:46:33'),(72,36,53,'Blanditiis veritatis non a ipsum dolore voluptas officia rem. Quisquam alias est ipsum aut esse rerum. Ut nostrum enim sunt. Beatae optio iusto id accusamus impedit tempore.','1978-08-26 09:01:49'),(73,34,17,'Non quia ipsa facilis qui ipsum sunt. Quis eius consequatur repellendus repellendus. Aut incidunt nihil perspiciatis omnis minima officiis non.','2014-11-11 23:52:22'),(74,55,98,'Et numquam voluptatem sit ab consequatur incidunt. Natus omnis expedita qui nihil officiis eum ut. Quaerat modi illum et accusamus. Sed rerum laboriosam dolor cumque ab impedit ducimus non. Suscipit et perspiciatis dicta non animi distinctio ducimus est.','1993-11-23 15:48:16'),(75,52,78,'Qui unde reiciendis non quis. Hic consequatur quod laudantium. Et est laboriosam eos animi laudantium.','1997-12-17 03:35:18'),(76,79,92,'Qui assumenda veniam ipsum est rerum maiores. Vel harum facilis dolore reiciendis harum. Laudantium molestiae nobis est.','1989-03-27 05:43:15'),(77,47,23,'Enim ea tempora odit voluptas. Vero in ullam et quam quos quis. Corrupti asperiores et ea commodi vero consequatur magnam.','2000-04-07 08:32:13'),(78,31,100,'Tempore praesentium possimus id est nostrum. Consequatur omnis minima impedit dolor reprehenderit. Perspiciatis omnis ut dicta rem accusamus magni ut. Exercitationem et architecto omnis qui.','1975-03-29 10:19:04'),(79,93,27,'Pariatur recusandae odio dolores est nam temporibus. Commodi sapiente est voluptate eveniet. Non sed et dolor deserunt et accusamus. Voluptatibus ut nihil inventore eum non ut et.','2010-09-29 17:50:50'),(80,64,15,'Quia quod quis totam deleniti itaque facilis aut. Sunt consequatur in voluptatem distinctio deleniti et. Consequuntur deserunt doloribus aut nihil quis. Eum amet aspernatur quos odit.','2001-12-27 06:27:47'),(81,67,58,'Aperiam ex accusamus corporis aut veniam fuga quasi quibusdam. Officiis molestias pariatur magnam voluptatem quos nisi labore a. Quam voluptatem voluptatum accusamus molestias dolores voluptatem.','1998-01-16 00:08:37'),(82,54,38,'Ea dolores libero eaque ipsum. Ut quidem eos hic quae omnis in exercitationem. Corporis error et autem numquam placeat magnam.','1990-05-22 15:24:50'),(83,33,68,'Qui nostrum natus aperiam dolorem maxime nobis molestiae numquam. Sequi rem quidem minima fuga tempore. Quo maxime magni ipsam quas rerum aspernatur. Fugit accusantium rem corrupti voluptas voluptatem blanditiis ut. Sed ipsa necessitatibus nostrum est nulla omnis aut.','2012-08-18 11:41:57'),(84,34,53,'Officiis omnis ut et inventore voluptatum quia saepe. Quaerat consequatur amet ut eligendi et. Et voluptatem vel perferendis et nulla sunt corporis.','2011-12-13 05:34:55'),(85,48,36,'Ab magni iure voluptate sint. Saepe qui culpa ad exercitationem. Libero laboriosam tenetur optio laborum sequi ullam molestiae.','1987-04-14 17:45:32'),(86,23,91,'Corporis doloremque aspernatur delectus laboriosam. Ut architecto est sed dolor consequatur. Rerum et veniam consequuntur sunt et totam.','2020-05-19 01:51:53'),(87,28,59,'Nostrum odit itaque perspiciatis rerum. Ipsam mollitia eum amet eos in voluptatem. Incidunt officia rerum sapiente et possimus odio quis. Est quo eos adipisci impedit explicabo perspiciatis.','1997-01-01 04:07:42'),(88,44,62,'In ut dicta accusantium quaerat. Omnis non expedita maxime quae earum rem. Omnis omnis repellat id vitae corrupti quaerat rerum.','2016-03-13 00:08:40'),(89,75,98,'Sunt sit iure veniam. Asperiores eaque culpa rerum excepturi dolor tempore et. Quaerat eum libero nihil ut sequi.','1988-02-26 09:23:33'),(90,59,27,'Hic sed sapiente ut ea. Eaque aut quasi voluptas ut reiciendis fuga. Earum dicta ut mollitia velit. Ut dolorem velit nam sunt et molestias.','1973-03-21 10:49:01'),(91,76,38,'Et cupiditate dolor non aspernatur voluptatibus. Sunt sequi alias accusamus sunt omnis nostrum.','1983-10-11 08:24:34'),(92,18,22,'Quia dolores aut magni hic asperiores sit est. Vitae excepturi blanditiis quo iusto voluptas et vero ut. Perferendis voluptatem cupiditate cum mollitia doloremque eos non. Ex est unde accusamus sed.','1999-01-12 16:38:48'),(93,60,49,'Vel fugit deleniti ea facilis earum et. Nulla qui harum sequi architecto facere velit accusamus quae. Consectetur temporibus ea optio perspiciatis dolorem accusamus.','1983-02-25 07:38:50'),(94,22,53,'Facere itaque quisquam provident odit. Nihil aut similique quo qui quidem. Quia est rerum voluptatem. Odit illo dolorem neque exercitationem accusamus sit molestiae.','2001-02-12 12:49:56'),(95,75,86,'Minima magnam eum illum repellat enim dignissimos doloribus nihil. Non sapiente culpa dicta harum rerum et. Provident expedita molestias sed neque incidunt aspernatur vitae.','1987-01-22 23:36:05'),(96,67,41,'Ipsum culpa quasi voluptate impedit quo natus. Vitae et tempore aut. Nisi molestias voluptate vero voluptatem perferendis. Ut doloribus culpa dolores itaque.','2013-05-21 12:01:36'),(97,44,21,'Veniam sequi nostrum est nostrum mollitia quod. Sed et autem atque qui quaerat adipisci quo. Sit ratione autem beatae ea beatae sunt.','2015-07-11 15:08:42'),(98,79,76,'Fugiat culpa exercitationem aliquid unde quisquam ratione vel. Quis omnis molestiae velit et. Et occaecati a officiis alias odio. Aut sit temporibus dolorum voluptatum. Dicta ut quis occaecati.','1978-10-04 20:11:01'),(99,88,12,'Sequi fuga maiores consequatur quaerat aut doloremque. Omnis voluptas aut quia earum voluptas eos. Dolore dolorem maxime amet explicabo veritatis autem aliquam.','2009-04-05 01:40:08'),(100,29,36,'Eum voluptas ut qui earum et. Maxime cum doloremque quae consequatur asperiores voluptatum et. Molestiae ea consequatur dolorem et.','2014-07-16 09:54:36');
/*!40000 ALTER TABLE `messages` ENABLE KEYS */;
UNLOCK TABLES;

--
-- Table structure for table `photo_albums`
--

DROP TABLE IF EXISTS `photo_albums`;
/*!40101 SET @saved_cs_client     = @@character_set_client */;
/*!40101 SET character_set_client = utf8 */;
CREATE TABLE `photo_albums` (
  `id` bigint(20) unsigned NOT NULL AUTO_INCREMENT,
  `name` varchar(255) COLLATE utf8mb4_unicode_ci DEFAULT NULL,
  `user_id` bigint(20) unsigned DEFAULT NULL,
  PRIMARY KEY (`id`),
  UNIQUE KEY `id` (`id`),
  KEY `user_id` (`user_id`),
  CONSTRAINT `photo_albums_ibfk_1` FOREIGN KEY (`user_id`) REFERENCES `users` (`id`) ON DELETE SET NULL ON UPDATE CASCADE
) ENGINE=InnoDB AUTO_INCREMENT=101 DEFAULT CHARSET=utf8mb4 COLLATE=utf8mb4_unicode_ci;
/*!40101 SET character_set_client = @saved_cs_client */;

--
-- Dumping data for table `photo_albums`
--

LOCK TABLES `photo_albums` WRITE;
/*!40000 ALTER TABLE `photo_albums` DISABLE KEYS */;
INSERT INTO `photo_albums` VALUES (1,'earum',1),(2,'dolores',2),(3,'beatae',3),(4,'dolorem',4),(5,'iure',5),(6,'perferendis',6),(7,'in',7),(8,'sunt',8),(9,'nesciunt',9),(10,'enim',10),(11,'repellendus',11),(12,'quibusdam',12),(13,'dolore',13),(14,'recusandae',14),(15,'aut',15),(16,'eveniet',16),(17,'delectus',17),(18,'esse',18),(19,'excepturi',19),(20,'dolore',20),(21,'quidem',21),(22,'minus',22),(23,'ut',23),(24,'natus',24),(25,'sed',25),(26,'sapiente',26),(27,'assumenda',27),(28,'rem',28),(29,'quia',29),(30,'alias',30),(31,'est',31),(32,'sed',32),(33,'nam',33),(34,'sed',34),(35,'suscipit',35),(36,'necessitatibus',36),(37,'molestias',37),(38,'aut',38),(39,'dolor',39),(40,'temporibus',40),(41,'maxime',41),(42,'impedit',42),(43,'eum',43),(44,'sit',44),(45,'expedita',45),(46,'rem',46),(47,'alias',47),(48,'quis',48),(49,'deleniti',49),(50,'non',50),(51,'nobis',51),(52,'eum',52),(53,'earum',53),(54,'fugit',54),(55,'unde',55),(56,'ipsa',56),(57,'ut',57),(58,'quia',58),(59,'aspernatur',59),(60,'deserunt',60),(61,'ipsam',61),(62,'et',62),(63,'itaque',63),(64,'ut',64),(65,'dolores',65),(66,'ad',66),(67,'earum',67),(68,'est',68),(69,'amet',69),(70,'necessitatibus',70),(71,'non',71),(72,'maiores',72),(73,'dignissimos',73),(74,'voluptas',74),(75,'architecto',75),(76,'enim',76),(77,'rerum',77),(78,'enim',78),(79,'illum',79),(80,'est',80),(81,'nesciunt',81),(82,'itaque',82),(83,'nobis',83),(84,'iste',84),(85,'in',85),(86,'recusandae',86),(87,'qui',87),(88,'ipsum',88),(89,'totam',89),(90,'aliquam',90),(91,'et',91),(92,'et',92),(93,'accusantium',93),(94,'architecto',94),(95,'odit',95),(96,'reprehenderit',96),(97,'consectetur',97),(98,'enim',98),(99,'unde',99),(100,'corrupti',100);
/*!40000 ALTER TABLE `photo_albums` ENABLE KEYS */;
UNLOCK TABLES;

--
-- Table structure for table `photos`
--

DROP TABLE IF EXISTS `photos`;
/*!40101 SET @saved_cs_client     = @@character_set_client */;
/*!40101 SET character_set_client = utf8 */;
CREATE TABLE `photos` (
  `id` bigint(20) unsigned NOT NULL AUTO_INCREMENT,
  `album_id` bigint(20) unsigned NOT NULL,
  `media_id` bigint(20) unsigned NOT NULL,
  PRIMARY KEY (`id`),
  KEY `album_id` (`album_id`),
  KEY `media_id` (`media_id`),
  CONSTRAINT `photos_ibfk_1` FOREIGN KEY (`album_id`) REFERENCES `photo_albums` (`id`) ON DELETE CASCADE ON UPDATE CASCADE,
  CONSTRAINT `photos_ibfk_2` FOREIGN KEY (`media_id`) REFERENCES `media` (`id`) ON DELETE CASCADE ON UPDATE CASCADE
) ENGINE=InnoDB AUTO_INCREMENT=101 DEFAULT CHARSET=utf8mb4 COLLATE=utf8mb4_unicode_ci;
/*!40101 SET character_set_client = @saved_cs_client */;

--
-- Dumping data for table `photos`
--

LOCK TABLES `photos` WRITE;
/*!40000 ALTER TABLE `photos` DISABLE KEYS */;
INSERT INTO `photos` VALUES (1,46,24),(2,27,28),(3,90,46),(4,26,97),(5,57,40),(6,47,92),(7,68,90),(8,90,54),(9,49,75),(10,98,19),(11,75,100),(12,28,74),(13,47,5),(14,87,88),(15,23,99),(16,63,69),(17,23,89),(18,97,12),(19,34,22),(20,9,91),(21,62,56),(22,82,30),(23,45,72),(24,83,93),(25,46,81),(26,12,21),(27,80,39),(28,94,27),(29,43,80),(30,14,66),(31,79,76),(32,35,1),(33,64,31),(34,12,98),(35,53,20),(36,89,15),(37,75,70),(38,44,20),(39,41,27),(40,12,87),(41,8,23),(42,7,87),(43,61,100),(44,13,4),(45,80,27),(46,69,58),(47,2,3),(48,58,66),(49,34,69),(50,64,87),(51,89,52),(52,1,64),(53,22,45),(54,83,63),(55,71,95),(56,49,79),(57,17,55),(58,65,78),(59,54,78),(60,81,33),(61,5,50),(62,91,7),(63,52,48),(64,72,86),(65,17,36),(66,72,6),(67,87,73),(68,70,8),(69,17,52),(70,70,88),(71,47,19),(72,66,63),(73,73,31),(74,41,26),(75,8,22),(76,59,13),(77,71,50),(78,19,23),(79,97,91),(80,9,14),(81,26,80),(82,19,13),(83,52,88),(84,21,69),(85,40,91),(86,56,86),(87,9,22),(88,49,81),(89,52,90),(90,7,60),(91,11,66),(92,72,82),(93,15,90),(94,5,12),(95,80,13),(96,25,5),(97,92,44),(98,18,44),(99,31,38),(100,12,71);
/*!40000 ALTER TABLE `photos` ENABLE KEYS */;
UNLOCK TABLES;

--
-- Table structure for table `profiles`
--

DROP TABLE IF EXISTS `profiles`;
/*!40101 SET @saved_cs_client     = @@character_set_client */;
/*!40101 SET character_set_client = utf8 */;
CREATE TABLE `profiles` (
  `user_id` bigint(20) unsigned NOT NULL AUTO_INCREMENT,
  `gender` char(1) COLLATE utf8mb4_unicode_ci DEFAULT NULL,
  `birthday` date DEFAULT NULL,
  `photo_id` bigint(20) unsigned DEFAULT NULL,
  `created_at` datetime DEFAULT current_timestamp(),
  `hometown` varchar(100) COLLATE utf8mb4_unicode_ci DEFAULT NULL,
  PRIMARY KEY (`user_id`),
  KEY `fk_photo_id` (`photo_id`),
  CONSTRAINT `fk_photo_id` FOREIGN KEY (`photo_id`) REFERENCES `photos` (`id`) ON DELETE SET NULL ON UPDATE CASCADE,
  CONSTRAINT `fk_user_id` FOREIGN KEY (`user_id`) REFERENCES `users` (`id`) ON DELETE CASCADE ON UPDATE CASCADE
) ENGINE=InnoDB AUTO_INCREMENT=101 DEFAULT CHARSET=utf8mb4 COLLATE=utf8mb4_unicode_ci;
/*!40101 SET character_set_client = @saved_cs_client */;

--
-- Dumping data for table `profiles`
--

LOCK TABLES `profiles` WRITE;
/*!40000 ALTER TABLE `profiles` DISABLE KEYS */;
INSERT INTO `profiles` VALUES (1,'f','2019-10-09',41,'2001-11-28 12:05:26',NULL),(2,'f','2017-05-06',8,'1992-11-27 13:35:34',NULL),(3,'f','1980-08-19',25,'1987-08-29 03:57:18',NULL),(4,'f','1978-07-12',28,'1984-01-15 13:35:33',NULL),(5,'f','2008-12-11',73,'1991-06-04 05:14:08',NULL),(6,'f','2004-03-30',83,'2014-12-20 10:25:28',NULL),(7,'f','2008-06-19',64,'1996-10-26 11:24:09',NULL),(8,'m','2005-03-07',72,'1987-08-23 16:56:11',NULL),(9,'m','1992-12-20',74,'1987-07-24 13:51:33',NULL),(10,'m','1999-05-27',87,'2000-06-16 18:33:32',NULL),(11,'f','1992-03-17',37,'1999-04-27 11:54:04',NULL),(12,'m','1998-09-06',28,'2002-10-24 00:52:27',NULL),(13,'m','1991-11-14',33,'2016-10-10 08:46:35',NULL),(14,'f','2014-06-29',9,'1971-05-17 14:00:00',NULL),(15,'f','1974-02-09',82,'1992-02-09 23:31:01',NULL),(16,'m','2009-03-18',58,'1981-06-19 10:38:05',NULL),(17,'m','1995-01-24',98,'1983-11-21 22:14:19',NULL),(18,'m','2000-07-20',24,'1981-06-09 10:19:11',NULL),(19,'m','1989-03-03',79,'1985-10-05 23:32:00',NULL),(20,'m','2016-01-12',100,'1979-05-26 10:27:00',NULL),(21,'m','1970-08-14',67,'2000-08-30 22:25:01',NULL),(22,'f','1996-05-24',10,'1975-09-15 05:27:04',NULL),(23,'m','1974-07-23',6,'1970-11-20 09:14:47',NULL),(24,'f','2002-05-24',10,'1973-05-18 05:42:52',NULL),(25,'f','2010-11-03',59,'2008-10-14 02:58:55',NULL),(26,'f','1978-11-23',72,'1997-04-28 12:05:37',NULL),(27,'f','2011-05-01',58,'1971-12-07 07:16:54',NULL),(28,'m','1996-03-12',97,'2014-01-06 03:15:20',NULL),(29,'f','1971-07-25',81,'2021-09-30 05:30:19',NULL),(30,'m','1985-12-22',48,'2022-03-14 04:38:07',NULL),(31,'m','1971-07-17',17,'2007-10-01 08:56:10',NULL),(32,'m','1997-11-16',21,'1972-08-10 13:58:30',NULL),(33,'f','2012-02-20',55,'1995-12-23 22:57:52',NULL),(34,'f','1994-08-12',41,'1998-09-15 08:09:15',NULL),(35,'m','1974-04-24',49,'2005-02-11 06:05:11',NULL),(36,'f','2011-10-26',27,'2003-12-06 14:57:38',NULL),(37,'f','2009-09-29',24,'1992-11-02 11:12:30',NULL),(38,'f','1994-02-24',13,'2006-02-27 23:08:16',NULL),(39,'f','2014-01-29',98,'1985-09-22 09:37:59',NULL),(40,'f','1999-04-22',97,'2006-08-01 11:20:17',NULL),(41,'m','2014-01-21',100,'2005-03-25 03:59:55',NULL),(42,'f','1987-08-31',35,'2009-11-19 12:50:47',NULL),(43,'m','2013-05-25',24,'1974-02-24 22:21:39',NULL),(44,'f','1987-05-30',33,'1979-11-29 06:57:41',NULL),(45,'m','1987-10-20',44,'1974-01-22 20:44:02',NULL),(46,'m','1999-07-27',6,'1998-02-07 16:52:23',NULL),(47,'m','1977-10-14',90,'2014-11-15 14:59:14',NULL),(48,'m','1976-10-03',41,'1992-12-22 06:46:25',NULL),(49,'m','1973-10-31',29,'2009-01-24 12:20:19',NULL),(50,'m','1999-05-27',69,'1980-01-14 12:31:12',NULL),(51,'f','1998-11-17',41,'2016-01-27 13:13:25',NULL),(52,'m','1987-05-29',96,'1987-04-04 22:15:39',NULL),(53,'f','2013-06-23',78,'2018-11-01 15:13:26',NULL),(54,'m','1984-06-08',46,'2021-10-11 09:25:28',NULL),(55,'f','2018-08-04',5,'2002-03-06 23:34:26',NULL),(56,'m','1995-12-19',36,'1981-07-31 04:02:11',NULL),(57,'f','1977-04-13',18,'2022-03-27 03:47:44',NULL),(58,'f','2013-08-09',62,'2019-10-17 06:22:06',NULL),(59,'m','1996-06-13',32,'2014-03-04 22:20:32',NULL),(60,'m','1992-05-15',99,'1989-06-20 17:59:57',NULL),(61,'f','2011-08-04',10,'1975-04-05 12:42:09',NULL),(62,'m','1987-10-07',49,'2015-05-22 19:53:43',NULL),(63,'m','1973-06-12',20,'2020-07-03 00:38:32',NULL),(64,'f','2019-05-26',64,'1999-05-28 10:38:44',NULL),(65,'m','1975-04-23',89,'1974-09-30 13:42:34',NULL),(66,'f','1996-10-22',69,'2018-05-23 03:00:22',NULL),(67,'f','1999-06-09',91,'1982-04-22 15:04:55',NULL),(68,'m','1998-12-12',13,'1982-02-14 12:42:28',NULL),(69,'f','1984-01-13',81,'1976-08-08 14:38:18',NULL),(70,'f','1976-11-13',89,'1985-09-05 23:42:54',NULL),(71,'m','1984-04-29',9,'2020-05-17 09:06:08',NULL),(72,'f','1991-08-14',81,'1991-06-18 12:23:18',NULL),(73,'m','1985-08-01',23,'1981-12-12 07:26:44',NULL),(74,'f','1973-05-19',33,'1999-02-23 11:14:53',NULL),(75,'f','2014-04-08',13,'1978-02-09 19:39:40',NULL),(76,'f','1971-03-20',66,'2012-09-12 13:34:02',NULL),(77,'f','2014-06-21',38,'1996-04-17 21:16:32',NULL),(78,'f','2016-05-06',3,'1978-05-01 00:47:33',NULL),(79,'m','1979-02-02',7,'1992-01-08 21:42:42',NULL),(80,'m','1982-09-22',67,'1976-02-23 19:59:11',NULL),(81,'m','1975-06-29',71,'1973-10-06 13:59:10',NULL),(82,'m','1987-03-12',47,'1994-05-22 16:22:46',NULL),(83,'f','1997-01-01',62,'1975-05-30 08:25:58',NULL),(84,'m','1973-06-01',48,'2009-04-07 01:15:44',NULL),(85,'m','1987-09-05',93,'2018-08-17 20:22:02',NULL),(86,'m','2021-03-07',66,'1975-02-11 10:31:03',NULL),(87,'f','1983-02-22',84,'1979-03-05 03:03:56',NULL),(88,'m','1981-04-11',11,'1982-01-18 15:19:28',NULL),(89,'f','2017-12-11',28,'2004-01-22 10:54:59',NULL),(90,'f','2005-11-11',15,'2012-08-22 06:01:36',NULL),(91,'f','2001-11-23',10,'2011-06-12 14:59:05',NULL),(92,'m','2019-04-03',37,'1983-01-18 09:49:59',NULL),(93,'m','1984-02-29',64,'1992-11-14 01:22:41',NULL),(94,'m','1998-07-02',29,'2006-10-29 18:12:35',NULL),(95,'f','1990-04-27',100,'2011-04-30 04:15:21',NULL),(96,'f','1977-09-08',52,'1972-08-15 17:45:00',NULL),(97,'m','1976-02-28',97,'2010-09-24 17:06:41',NULL),(98,'m','2018-11-29',91,'2000-12-09 17:21:52',NULL),(99,'f','1971-09-28',64,'2012-07-28 16:55:10',NULL),(100,'f','1972-01-12',78,'2019-11-07 15:12:41',NULL);
/*!40000 ALTER TABLE `profiles` ENABLE KEYS */;
UNLOCK TABLES;

--
-- Table structure for table `users`
--

DROP TABLE IF EXISTS `users`;
/*!40101 SET @saved_cs_client     = @@character_set_client */;
/*!40101 SET character_set_client = utf8 */;
CREATE TABLE `users` (
  `id` bigint(20) unsigned NOT NULL AUTO_INCREMENT,
  `firstname` varchar(100) COLLATE utf8mb4_unicode_ci DEFAULT NULL,
  `lastname` varchar(100) COLLATE utf8mb4_unicode_ci DEFAULT NULL COMMENT '',
  `email` varchar(100) COLLATE utf8mb4_unicode_ci DEFAULT NULL,
  `password_hash` varchar(100) COLLATE utf8mb4_unicode_ci DEFAULT NULL,
  `phone` bigint(20) DEFAULT NULL,
  `is_deleted` bit(1) DEFAULT b'0',
  PRIMARY KEY (`id`),
  UNIQUE KEY `email` (`email`),
  KEY `users_firstname_lastname_idx` (`firstname`,`lastname`)
) ENGINE=InnoDB AUTO_INCREMENT=101 DEFAULT CHARSET=utf8mb4 COLLATE=utf8mb4_unicode_ci;
/*!40101 SET character_set_client = @saved_cs_client */;

--
-- Dumping data for table `users`
--

LOCK TABLES `users` WRITE;
/*!40000 ALTER TABLE `users` DISABLE KEYS */;
INSERT INTO `users` VALUES (1,'Soledad','Goodwin','yjast@example.net','ddeda28f065e1713becb1be356a1d48e3bc78f20',9658171887,''),(2,'Weston','Pouros','carolina30@example.net','9f6da75e0b812082c9801dd4602e62d363e82927',9117988815,'\0'),(3,'Loma','Lehner','hermann.gust@example.org','c1bf329609cb697f075880b2ed234ab5ca93720d',9417662163,'\0'),(4,'Branson','Hills','boehm.sonia@example.net','2c984594be453125e6f9afe2f1e67895259b8770',9500777708,''),(5,'Roma','Jast','lyric87@example.net','23949bdd1de45c88ac848b17b8c28a95eb0d414a',9274079548,''),(6,'Damion','Moore','fadel.aniya@example.net','8622b63bdbc4190a11b6f3364fad1ab5781d9838',9987142860,'\0'),(7,'Eleonore','Moen','kozey.emmanuel@example.net','73f550ea79dc84575e00b7a322dee4fc1ce99d34',9339431235,''),(8,'Rylee','Konopelski','toni24@example.net','d72aea5b0a497e4bf93e2f0c6dff5fa98f49c742',9021766509,''),(9,'Mossie','Koelpin','trisha.rutherford@example.net','a1a5bea2d0680ff05ef4d14b19356cf82650d6b9',9299216097,'\0'),(10,'Xander','Stark','tiana99@example.net','11fecd398cca470669ca289b87e06e070a0a2538',9730801904,''),(11,'Darrel','Eichmann','rose96@example.net','0ed50ddf6a09d7e2f1eeb40ed9d0cbeabc3f9a8a',9567938213,''),(12,'Genoveva','Abernathy','prunolfsson@example.com','87a588b2e1d1e640140bec2af2334d261e57b252',9590094129,'\0'),(13,'Alexandria','Bruen','tlarson@example.net','d3b2c77695b878dc655bfa977f6216b36429fc7c',9901438394,''),(14,'Don','Schaefer','htowne@example.net','187f2687596679c19e7c44223726daa3f103da3c',9269978819,'\0'),(15,'Americo','Predovic','maurine57@example.net','5e059ed69e7ae87cf525a76ad301c9644e2d9d3d',9791443585,'\0'),(16,'Tito','Bradtke','mabel84@example.org','30685dacb2f6beba3328544a0b419dc1d5e83208',9063118679,''),(17,'Tianna','Eichmann','darius.macejkovic@example.org','fa2aead53af4f23b4c2054009c217acadcfe9627',9534654187,'\0'),(18,'Edward','Bradtke','darian.aufderhar@example.com','56cf8635ea07c8ecb5683827e6f58d45407ce32d',9438767639,'\0'),(19,'Lenore','Mills','jo.jaskolski@example.net','93ddda5b41c35129674a1efc437ca1b313e51c4e',9505985201,''),(20,'Sonya','Volkman','xrogahn@example.net','31d3b9b2fb31be2e0ef58c633ab74302ac69c9a7',9353692301,''),(21,'Margaret','Kovacek','graham.myrna@example.org','876d85f3a3ccb02a6e030ca569a265184aac863f',9961616168,'\0'),(22,'D\'angelo','Quitzon','fbernhard@example.org','385fb9c29f44d9a51aca8532a37236445600eae0',9371708214,''),(23,'Gilda','Runolfsson','tiana.rath@example.com','c7f43db9dac9353402ac7f987db99f16f657e228',9557577395,'\0'),(24,'Aric','Lockman','anita04@example.net','2f08f6b6408e9288c646c458cc9481123d869711',9379945567,''),(25,'Will','Zieme','tabitha32@example.net','e0f4ccc56fb0953b01ba3abf85c64901f747cce8',9400275721,''),(26,'Dulce','Rosenbaum','caleb02@example.net','db649e7d053a007b05e00b3529725fad095c361a',9485913289,'\0'),(27,'Marcus','Mraz','delores.gutmann@example.org','814272263ab92b3463410f3f0ffe2c4d7b2840fa',9900411890,'\0'),(28,'Clara','Greenholt','acrist@example.com','8c95f3bb697b3f75b6fac8f4108ace181b696214',9254320409,''),(29,'Adell','Moen','oscar60@example.com','d3770750ec3ca0fd5b3994656486e2c81e1d879d',9370258707,''),(30,'Ivory','Kassulke','alene03@example.com','1964e87c97fdb832542c28416c1a8bb5449a0b96',9649918595,'\0'),(31,'Colten','Leannon','kuvalis.margie@example.org','065993087fa98b000109240afb474842f77fd4ae',9837560283,''),(32,'Nestor','Rippin','tcrist@example.net','711bf2510b94d6c1fe82b669b6339e0961a2193c',9184646892,''),(33,'Estevan','Runolfsdottir','ywintheiser@example.com','c5d1a3e8937cd9160fbec15e889486be6b159d36',9662794012,'\0'),(34,'Caesar','Schoen','vidal65@example.org','7f136c83ff41487b546736aeb2e4fe7f0c8be41c',9881588628,''),(35,'Beau','Hand','qstoltenberg@example.net','7779b19439a61924d9f3f149280c41b4ffd66d54',9457397156,'\0'),(36,'Josiah','VonRueden','sydney04@example.net','135e73fcb5b97ed743442a70ce2b6c0b03b6b009',9032283580,''),(37,'Tyree','Powlowski','adella79@example.com','bf28401c704d418f5feddfadfed724134f7677f0',9641994741,'\0'),(38,'Jarret','Yundt','murray09@example.net','9e8f4d054e89ca578cd8fd2d96f6e5a89c26fbcd',9169264375,'\0'),(39,'Dion','Wisoky','oschulist@example.org','30883120f5017ffae838bbee240210760d616159',9655165875,'\0'),(40,'Jillian','Homenick','peichmann@example.net','612fc7525f39199b2ffc840bcecbbf2e17d361fd',9975396079,'\0'),(41,'Antonio','Pfannerstill','abrown@example.org','c49607920b9424c0a6417995a297d62683b38300',9394570718,''),(42,'Ottilie','Larkin','brakus.tracy@example.org','95d157dd2bcdcfb2e3b5e99d21bd4d37a73d8792',9395202128,''),(43,'Cortney','Heathcote','mae38@example.org','2d92481ac41233608cae88a70a46b268d2641b62',9842841276,'\0'),(44,'Saul','Miller','ebernhard@example.org','777e498f225d5f6267d67f5fc7da0b22daf455a0',9815825130,'\0'),(45,'Marques','Veum','nhickle@example.org','ad9ce8489d10d7aafc189ab404317ec107b9aeb4',9359423287,'\0'),(46,'Kian','Kozey','nmayer@example.com','e2a4a69331a262e83a8e941f6a75958ddea016ba',9101317417,''),(47,'Jules','Kling','berry84@example.org','56756a8fe2a81d8471875900c23abdb2d9d1c8ea',9531862535,'\0'),(48,'Florencio','Altenwerth','alanna09@example.com','9dc30b18d757f28d409fef378b474037cb5855ea',9146988753,'\0'),(49,'Hertha','West','adams.dariana@example.com','e0c065aa95b0c3bc03a22fba4c6cb330c9aed962',9487204311,''),(50,'Denis','Bergnaum','annalise11@example.com','19184bb191d46b86b8bc548737642f1d198db3aa',9273377687,'\0'),(51,'Nicolette','Tromp','wzemlak@example.com','fcd98cec68faf705eb74ccce235741fb1108c60e',9891171003,'\0'),(52,'Kathlyn','Keeling','farrell.elroy@example.org','e36fd1ffc64dd0d73a8c352e366a7c65c1637f1f',9777315754,'\0'),(53,'Kelli','Stroman','mkshlerin@example.org','cdaf093efdf611d642719392fc63345e5cbac978',9556926408,'\0'),(54,'Adrian','McDermott','bogan.alford@example.net','d8fba5db1e16db0526160185b9188b02c6ffde8e',9004390610,''),(55,'Zoe','Kling','cristian63@example.com','354472157b0dfaeb637c7a341e603e03e16ad879',9078080233,'\0'),(56,'Axel','Rath','fjones@example.net','2dc43f742ec88d306d5203d0d640d61b44788c0d',9721031403,'\0'),(57,'Webster','Hammes','jjakubowski@example.org','f6b9f2937d018d0d95dba4b6dec6b9e56486faff',9457136588,''),(58,'Hans','Strosin','margarette.hamill@example.com','8f1685181b09f3aca6d57ba601cbc9e4680032e2',9909732908,'\0'),(59,'Mariela','Rosenbaum','tstrosin@example.com','89f1bc68f0f772ac2082d916eba8f42b87360361',9300464155,''),(60,'Cecelia','Medhurst','natalia78@example.com','acda7eca8c4a0651d29dd7f34eab1aafc0c8aa03',9796669302,'\0'),(61,'Judah','Ledner','jannie.lebsack@example.net','aa8f3f504bb3d68ee6fe1116f9f34528fe7eab85',9558438029,''),(62,'Rosalyn','Beahan','xroberts@example.net','871ac7ca1c4b1bf61c07ad9f2ba742a51dc62290',9201810089,'\0'),(63,'Melyna','Reichert','goyette.eula@example.org','782662252a1401326ce89a72b000d115ec9c6967',9495718882,''),(64,'Anahi','Kreiger','zbashirian@example.org','d4cf744d94671f930f6c9cbeba26904cb4f85471',9373227702,''),(65,'Stephon','Rice','xheidenreich@example.net','65b0e0b35a617a4a5ad6e790ac97fc19934df5fc',9602466733,''),(66,'Lisette','Williamson','hyatt.bettie@example.com','66dd0297d9fed0c95e4d2526678b976f28fe71ac',9424783569,''),(67,'Kale','Shields','vlowe@example.net','ceeb7198e93f6bcf693a2bad9919a631c14b46b1',9608865286,''),(68,'Madaline','Marquardt','lew.beahan@example.com','b962011923e1a20db084efe82bf3066fd709b4a4',9616122646,'\0'),(69,'Verda','Dickens','barrows.jamey@example.net','ba4cdaa3d8ba1719fa2a46fa618a36336fe4268c',9195659804,'\0'),(70,'Ricardo','Kuhlman','fanny85@example.com','e675b719d500d9b50a5f123758f7df2f1cff0e47',9468813803,''),(71,'Florencio','Towne','ludwig.stehr@example.com','2f0978c8d0b69ed328ea8acd59abfcaaf0e097d7',9968668102,''),(72,'Sonya','Mayer','callie.kris@example.com','5d6826a21bb52c04ae4756dce3159aee5ffbfd4a',9768360884,'\0'),(73,'Juvenal','Ward','wolff.reed@example.org','dd3ec9a912d0e28cc561d459b5fca7087d781ab0',9935816055,'\0'),(74,'Lorenza','Rowe','jayden86@example.net','4d788a3ca2ffae84e95f9b366228248e0677dc87',9628811656,''),(75,'Josh','Homenick','krystal79@example.org','35fde4d6f89227a7445d5a572b3de3934731a7ea',9565193695,'\0'),(76,'Dina','Powlowski','ureynolds@example.com','aa82f46369021d00a8b79a7d37f6bee2c7950967',9404096378,''),(77,'Rozella','Swaniawski','larmstrong@example.org','47fa98b4fc6e654e281e86203858302b77194219',9597587402,''),(78,'Camylle','Johnston','sawayn.dayton@example.net','25b9673d22a7898116be23247d506c3f66dbba00',9104666138,''),(79,'Doyle','Block','stephania74@example.com','ea76009d9b7f9d7183da1d0b6423ec34027b831e',9889117087,'\0'),(80,'Armando','Goodwin','shanahan.ocie@example.org','0c0e39fab7c5a7cd2607fb2e21b996948d86cbed',9977900328,'\0'),(81,'Jon','Morar','ara40@example.net','3fa63946877ed3358822c057c2d5d48a2e2ae33c',9445233966,''),(82,'Elvie','Rice','bethany74@example.net','41717fb3ad8398fe591899681027dfebd109c4f4',9314329612,''),(83,'Sydni','Hahn','nicholaus64@example.net','59c32d5c30163862e52dace3bd9d9d6b3b4bf5f4',9859592637,'\0'),(84,'Rachael','Kuhlman','ostoltenberg@example.org','293b7fe48d4d4f246b3aceed1a193b50688594cc',9279764910,'\0'),(85,'Patrick','Reichel','asporer@example.com','d275b1276a5f48741f01b7b46e82cf1a29326801',9448507525,''),(86,'Donnie','Rodriguez','leif50@example.com','074865344e066d4242f044e00fc4ed62d6f88115',9681181227,'\0'),(87,'Arnulfo','Johnston','larry28@example.org','28f0ac13c3bd2a17420efd360c2b05041dbe6e01',9570707888,'\0'),(88,'Arvid','D\'Amore','xherman@example.org','f6e394cb8082c0bfa1f79c06363445cb69067906',9547461174,''),(89,'Issac','Satterfield','qwitting@example.org','094f03e3d5596d014220c9601c9267a92ef6c59d',9411664970,''),(90,'Jeremie','Sipes','mayra.stoltenberg@example.net','e4319fa674f3acb93f6f30303ea73b8ef0ec533a',9592096728,''),(91,'Elbert','Bergstrom','kozey.tressie@example.org','250ded2a6e362d6f80c1288d5f59c502012a694e',9093137723,''),(92,'Zaria','Hilll','wklein@example.org','613f95727a3eb1de581e8ccab3c0c7d8d3c32f28',9376826646,''),(93,'Gustave','Wiza','qbahringer@example.org','2c2ec113ba458cf3e26a81f6e20d41e44b6ac6d4',9294771206,''),(94,'Joe','Abernathy','wava47@example.net','463422dbb6b21c8b6cbf4102cfc7ed4b7ffed2ef',9690673598,'\0'),(95,'Karson','Kautzer','larson.freddy@example.net','6432e037a87545254565e3bd79cec70748b5f0c5',9798369868,'\0'),(96,'Ramona','Miller','queen96@example.net','eb7bcf9b940f53c02461ce80612df39d0cbbda6a',9157837267,'\0'),(97,'Ulices','Wilderman','roy.hintz@example.org','12ed3334829e224de84ad67a4f333a7ea67c9fa8',9910006352,''),(98,'Vance','Turcotte','candida83@example.net','00cc7a06c221a158e0c8c09b022067304758dc2f',9364890691,''),(99,'Ezequiel','Cremin','haylee.daniel@example.com','af53a6452968ffd407d2e48c06efadde86c9a8f0',9610488241,'\0'),(100,'Arely','Reilly','haley.anibal@example.net','be4c2a3e07aeb2061ea1e796a15cc3cc32e138d4',9519972557,'');
/*!40000 ALTER TABLE `users` ENABLE KEYS */;
UNLOCK TABLES;

--
-- Table structure for table `users_communities`
--

DROP TABLE IF EXISTS `users_communities`;
/*!40101 SET @saved_cs_client     = @@character_set_client */;
/*!40101 SET character_set_client = utf8 */;
CREATE TABLE `users_communities` (
  `user_id` bigint(20) unsigned NOT NULL,
  `community_id` bigint(20) unsigned NOT NULL,
  PRIMARY KEY (`user_id`,`community_id`),
  KEY `community_id` (`community_id`),
  CONSTRAINT `users_communities_ibfk_1` FOREIGN KEY (`user_id`) REFERENCES `users` (`id`) ON DELETE CASCADE ON UPDATE CASCADE,
  CONSTRAINT `users_communities_ibfk_2` FOREIGN KEY (`community_id`) REFERENCES `communities` (`id`) ON DELETE CASCADE ON UPDATE CASCADE
) ENGINE=InnoDB DEFAULT CHARSET=utf8mb4 COLLATE=utf8mb4_unicode_ci;
/*!40101 SET character_set_client = @saved_cs_client */;

--
-- Dumping data for table `users_communities`
--

LOCK TABLES `users_communities` WRITE;
/*!40000 ALTER TABLE `users_communities` DISABLE KEYS */;
INSERT INTO `users_communities` VALUES (1,47),(2,35),(2,64),(3,15),(3,67),(5,26),(5,99),(9,49),(9,57),(10,71),(12,22),(12,25),(13,14),(13,82),(14,62),(15,18),(15,42),(15,61),(20,3),(20,59),(20,76),(21,82),(22,99),(23,19),(23,72),(25,2),(25,22),(25,97),(28,82),(29,67),(30,60),(30,90),(31,55),(31,63),(31,87),(33,79),(34,46),(34,53),(35,12),(35,27),(35,85),(38,63),(39,43),(39,53),(40,9),(40,51),(44,56),(44,63),(45,41),(47,66),(49,98),(50,100),(51,42),(51,67),(52,47),(56,11),(60,72),(60,92),(62,13),(62,60),(62,83),(63,40),(66,31),(67,89),(68,61),(68,75),(69,42),(69,82),(72,8),(72,49),(73,32),(74,21),(74,92),(75,14),(78,69),(79,7),(80,32),(80,60),(82,11),(90,9),(91,9),(91,16),(92,28),(92,50),(93,10),(94,22),(94,28),(94,49),(94,52),(96,20),(96,66),(97,35),(97,51),(98,10),(98,16),(98,35),(98,59),(98,84),(99,68),(100,42);
/*!40000 ALTER TABLE `users_communities` ENABLE KEYS */;
UNLOCK TABLES;
/*!40103 SET TIME_ZONE=@OLD_TIME_ZONE */;

/*!40101 SET SQL_MODE=@OLD_SQL_MODE */;
/*!40014 SET FOREIGN_KEY_CHECKS=@OLD_FOREIGN_KEY_CHECKS */;
/*!40014 SET UNIQUE_CHECKS=@OLD_UNIQUE_CHECKS */;
/*!40101 SET CHARACTER_SET_CLIENT=@OLD_CHARACTER_SET_CLIENT */;
/*!40101 SET CHARACTER_SET_RESULTS=@OLD_CHARACTER_SET_RESULTS */;
/*!40101 SET COLLATION_CONNECTION=@OLD_COLLATION_CONNECTION */;
/*!40111 SET SQL_NOTES=@OLD_SQL_NOTES */;

-- Dump completed on 2022-10-23 20:41:01
